<?xml version="1.0" ?><gpx xmlns="http://www.topografix.com/GPX/1/1" creator="GaiaGPS" version="1.1" xmlns:xsi="http://www.w3.org/2001/XMLSchema-instance" xsi:schemaLocation="http://www.topografix.com/GPX/1/1 http://www.topografix.com/GPX/1/1/gpx.xsd"><wpt lat="52.225886" lon="-114.646289"><ele>983</ele><time>2026-08-23T22:44:48Z</time><name>House 2026-08-23, 4:44:48 p.m.</name><sym>red-pin-down.png</sym></wpt><trk><name>Roger Trail</name><desc></desc><extensions><line xmlns="http://www.topografix.com/GPX/gpx_style/0/2"><color>00B2FF</color></line></extensions><trkseg><trkpt lat="52.227464" lon="-114.652782"><ele>994.1793841212043</ele><time>2026-09-05T22:09:31Z</time></trkpt><trkpt lat="52.227462" lon="-114.652782"><ele>994.4284312563199</ele><time>2026-09-05T22:09:40Z</time></trkpt><trkpt lat="52.227462" lon="-114.652782"><ele>994.4257612747451</ele><time>2026-09-05T22:09:41Z</time></trkpt><trkpt lat="52.22743" lon="-114.652736"><ele>993.3220528914512</ele><time>2026-09-05T22:09:54Z</time></trkpt><trkpt lat="52.2274" lon="-114.652661"><ele>993.5206424026202</ele><time>2026-09-05T22:10:02Z</time></trkpt><trkpt lat="52.227375" lon="-114.652648"><ele>993.7398301520326</ele><time>2026-09-05T22:10:05Z</time></trkpt><trkpt lat="52.227352" lon="-114.652602"><ele>994.103371835404</ele><time>2026-09-05T22:10:12Z</time></trkpt><trkpt lat="52.227342" lon="-114.652587"><ele>993.6729302600818</ele><time>2026-09-05T22:10:13Z</time></trkpt><trkpt lat="52.22731" lon="-114.652563"><ele>993.8208493967521</ele><time>2026-09-05T22:10:15Z</time></trkpt><trkpt lat="52.22727" lon="-114.652502"><ele>993.7003681783315</ele><time>2026-09-05T22:10:18Z</time></trkpt><trkpt lat="52.227235" lon="-114.652487"><ele>993.2433623723095</ele><time>2026-09-05T22:10:20Z</time></trkpt><trkpt lat="52.227208" lon="-114.65246"><ele>992.9680967425815</ele><time>2026-09-05T22:10:22Z</time></trkpt><trkpt lat="52.227196" lon="-114.652437"><ele>993.132311800013</ele><time>2026-09-05T22:10:23Z</time></trkpt><trkpt lat="52.227172" lon="-114.652352"><ele>994.9935688016726</ele><time>2026-09-05T22:10:27Z</time></trkpt><trkpt lat="52.227161" lon="-114.652333"><ele>995.6060492600795</ele><time>2026-09-05T22:10:28Z</time></trkpt><trkpt lat="52.227133" lon="-114.65232"><ele>996.0910562835819</ele><time>2026-09-05T22:10:30Z</time></trkpt><trkpt lat="52.227119" lon="-114.652303"><ele>996.5954152343916</ele><time>2026-09-05T22:10:31Z</time></trkpt><trkpt lat="52.227105" lon="-114.65225"><ele>996.8963523793874</ele><time>2026-09-05T22:10:33Z</time></trkpt><trkpt lat="52.227097" lon="-114.65223"><ele>997.1662468378956</ele><time>2026-09-05T22:10:34Z</time></trkpt><trkpt lat="52.227042" lon="-114.652182"><ele>997.092202020186</ele><time>2026-09-05T22:11:36Z</time></trkpt><trkpt lat="52.226982" lon="-114.652177"><ele>997.3706868993511</ele><time>2026-09-05T22:11:40Z</time></trkpt><trkpt lat="52.226959" lon="-114.652165"><ele>997.5107932661429</ele><time>2026-09-05T22:11:42Z</time></trkpt><trkpt lat="52.22694" lon="-114.652132"><ele>996.9211267570606</ele><time>2026-09-05T22:11:44Z</time></trkpt><trkpt lat="52.226935" lon="-114.6521"><ele>996.3935454553645</ele><time>2026-09-05T22:11:45Z</time></trkpt><trkpt lat="52.226947" lon="-114.652027"><ele>995.3808593319042</ele><time>2026-09-05T22:11:47Z</time></trkpt><trkpt lat="52.226985" lon="-114.651919"><ele>994.3996726487969</ele><time>2026-09-05T22:11:50Z</time></trkpt><trkpt lat="52.227001" lon="-114.651794"><ele>992.0991051944723</ele><time>2026-09-05T22:11:54Z</time></trkpt><trkpt lat="52.226997" lon="-114.651749"><ele>991.8097573158263</ele><time>2026-09-05T22:11:55Z</time></trkpt><trkpt lat="52.226967" lon="-114.651643"><ele>990.6872465887144</ele><time>2026-09-05T22:11:59Z</time></trkpt><trkpt lat="52.226883" lon="-114.651571"><ele>991.2791509229863</ele><time>2026-09-05T22:12:04Z</time></trkpt><trkpt lat="52.226869" lon="-114.65156"><ele>990.6249639735325</ele><time>2026-09-05T22:12:05Z</time></trkpt><trkpt lat="52.226814" lon="-114.651489"><ele>990.3950864284689</ele><time>2026-09-05T22:12:09Z</time></trkpt><trkpt lat="52.226776" lon="-114.65146"><ele>990.1525837586735</ele><time>2026-09-05T22:12:12Z</time></trkpt><trkpt lat="52.226749" lon="-114.65139"><ele>990.4574187540609</ele><time>2026-09-05T22:12:20Z</time></trkpt><trkpt lat="52.226747" lon="-114.651381"><ele>990.5648577640866</ele><time>2026-09-05T22:12:21Z</time></trkpt><trkpt lat="52.226745" lon="-114.651369"><ele>990.7196899698796</ele><time>2026-09-05T22:12:23Z</time></trkpt></trkseg></trk><trk><name>Roper trail</name><desc></desc><extensions><line xmlns="http://www.topografix.com/GPX/gpx_style/0/2"><color>2D3FC7</color></line></extensions><trkseg><trkpt lat="52.227808" lon="-114.653181"><ele>990.3387074019472</ele><time>2026-09-05T21:20:49Z</time></trkpt><trkpt lat="52.22781" lon="-114.653189"><ele>990.3277230165472</ele><time>2026-09-05T21:20:59Z</time></trkpt><trkpt lat="52.22781" lon="-114.65319"><ele>990.4012476984742</ele><time>2026-09-05T21:21:00Z</time></trkpt><trkpt lat="52.22778" lon="-114.653286"><ele>991.0866070549996</ele><time>2026-09-05T21:21:13Z</time></trkpt><trkpt lat="52.227727" lon="-114.653406"><ele>992.7091044277885</ele><time>2026-09-05T21:21:17Z</time></trkpt><trkpt lat="52.22771" lon="-114.653439"><ele>992.6452156959607</ele><time>2026-09-05T21:21:18Z</time></trkpt><trkpt lat="52.22762" lon="-114.653606"><ele>995.802104234178</ele><time>2026-09-05T21:21:24Z</time></trkpt><trkpt lat="52.227558" lon="-114.65367"><ele>995.7605488599088</ele><time>2026-09-05T21:21:27Z</time></trkpt><trkpt lat="52.227534" lon="-114.653696"><ele>995.4546233629902</ele><time>2026-09-05T21:21:28Z</time></trkpt><trkpt lat="52.227341" lon="-114.653944"><ele>993.8396077434284</ele><time>2026-09-05T21:21:37Z</time></trkpt><trkpt lat="52.227316" lon="-114.653969"><ele>994.3683047568654</ele><time>2026-09-05T21:21:38Z</time></trkpt><trkpt lat="52.227263" lon="-114.654023"><ele>994.3520218765242</ele><time>2026-09-05T21:21:40Z</time></trkpt><trkpt lat="52.227236" lon="-114.654038"><ele>994.5092514052101</ele><time>2026-09-05T21:21:41Z</time></trkpt><trkpt lat="52.227044" lon="-114.654071"><ele>994.5698181128467</ele><time>2026-09-05T21:21:47Z</time></trkpt><trkpt lat="52.227009" lon="-114.654069"><ele>993.9772739315528</ele><time>2026-09-05T21:21:48Z</time></trkpt><trkpt lat="52.226884" lon="-114.654035"><ele>993.0820974761006</ele><time>2026-09-05T21:21:52Z</time></trkpt><trkpt lat="52.226801" lon="-114.653954"><ele>992.4356756550185</ele><time>2026-09-05T21:21:55Z</time></trkpt><trkpt lat="52.226738" lon="-114.653921"><ele>992.5288168471023</ele><time>2026-09-05T21:21:57Z</time></trkpt><trkpt lat="52.226705" lon="-114.653918"><ele>992.7651693980777</ele><time>2026-09-05T21:21:58Z</time></trkpt><trkpt lat="52.226606" lon="-114.653941"><ele>992.3191673396236</ele><time>2026-09-05T21:22:01Z</time></trkpt><trkpt lat="52.226507" lon="-114.653943"><ele>991.1242465657226</ele><time>2026-09-05T21:22:04Z</time></trkpt><trkpt lat="52.226405" lon="-114.653973"><ele>990.8170979300461</ele><time>2026-09-05T21:22:07Z</time></trkpt><trkpt lat="52.22637" lon="-114.653982"><ele>990.8244889032065</ele><time>2026-09-05T21:22:08Z</time></trkpt><trkpt lat="52.226226" lon="-114.65399"><ele>990.8266995308027</ele><time>2026-09-05T21:22:12Z</time></trkpt><trkpt lat="52.226121" lon="-114.654012"><ele>991.4857063437397</ele><time>2026-09-05T21:22:15Z</time></trkpt><trkpt lat="52.226089" lon="-114.654003"><ele>991.7388131054306</ele><time>2026-09-05T21:22:16Z</time></trkpt><trkpt lat="52.226063" lon="-114.653972"><ele>991.924761733334</ele><time>2026-09-05T21:22:17Z</time></trkpt><trkpt lat="52.226048" lon="-114.653937"><ele>992.0828189806566</ele><time>2026-09-05T21:22:18Z</time></trkpt><trkpt lat="52.22602" lon="-114.653801"><ele>992.6277238405828</ele><time>2026-09-05T21:22:38Z</time></trkpt><trkpt lat="52.226034" lon="-114.653669"><ele>993.1537784548495</ele><time>2026-09-05T21:22:42Z</time></trkpt><trkpt lat="52.22604" lon="-114.653653"><ele>993.2436371851111</ele><time>2026-09-05T21:22:43Z</time></trkpt><trkpt lat="52.226047" lon="-114.653644"><ele>993.5962579920906</ele><time>2026-09-05T21:22:44Z</time></trkpt><trkpt lat="52.226049" lon="-114.653662"><ele>993.7939909087734</ele><time>2026-09-05T21:22:48Z</time></trkpt></trkseg></trk><trk><name>Driveway and main yard</name><desc></desc><extensions><line xmlns="http://www.topografix.com/GPX/gpx_style/0/2"><color>2D3FC7</color></line></extensions><trkseg><trkpt lat="52.225179" lon="-114.644486"><ele>974.0198974609375</ele><time>2026-08-23T20:03:13Z</time></trkpt><trkpt lat="52.225181" lon="-114.644484"><ele>991.7256591796875</ele><time>2026-08-23T20:03:22Z</time></trkpt><trkpt lat="52.225181" lon="-114.644484"><ele>991.7959716796875</ele><time>2026-08-23T20:03:23Z</time></trkpt><trkpt lat="52.225165" lon="-114.644587"><ele>992.532666015625</ele><time>2026-08-23T20:03:36Z</time></trkpt><trkpt lat="52.225184" lon="-114.644649"><ele>992.7056396484375</ele><time>2026-08-23T20:03:40Z</time></trkpt><trkpt lat="52.225197" lon="-114.644739"><ele>993.301953125</ele><time>2026-08-23T20:03:45Z</time></trkpt><trkpt lat="52.225199" lon="-114.644756"><ele>993.431103515625</ele><time>2026-08-23T20:03:46Z</time></trkpt><trkpt lat="52.225225" lon="-114.644921"><ele>993.917919921875</ele><time>2026-08-23T20:03:55Z</time></trkpt><trkpt lat="52.225257" lon="-114.645036"><ele>994.11982421875</ele><time>2026-08-23T20:04:02Z</time></trkpt><trkpt lat="52.225262" lon="-114.645056"><ele>994.495556640625</ele><time>2026-08-23T20:04:03Z</time></trkpt><trkpt lat="52.225357" lon="-114.645324"><ele>994.7986572265625</ele><time>2026-08-23T20:04:19Z</time></trkpt><trkpt lat="52.225364" lon="-114.645339"><ele>995.2208984375</ele><time>2026-08-23T20:04:20Z</time></trkpt><trkpt lat="52.225411" lon="-114.645454"><ele>995.350537109375</ele><time>2026-08-23T20:04:27Z</time></trkpt><trkpt lat="52.225461" lon="-114.645617"><ele>995.9378173828125</ele><time>2026-08-23T20:04:36Z</time></trkpt><trkpt lat="52.225467" lon="-114.645633"><ele>995.942822265625</ele><time>2026-08-23T20:04:37Z</time></trkpt><trkpt lat="52.225561" lon="-114.645904"><ele>994.926953125</ele><time>2026-08-23T20:04:53Z</time></trkpt><trkpt lat="52.22557" lon="-114.645919"><ele>994.740185546875</ele><time>2026-08-23T20:04:54Z</time></trkpt><trkpt lat="52.225629" lon="-114.646011"><ele>995.540234375</ele><time>2026-08-23T20:05:01Z</time></trkpt><trkpt lat="52.2257" lon="-114.64597"><ele>995.835400390625</ele><time>2026-08-23T20:05:07Z</time></trkpt><trkpt lat="52.22573" lon="-114.645936"><ele>995.8755615234375</ele><time>2026-08-23T20:05:10Z</time></trkpt><trkpt lat="52.22574" lon="-114.645932"><ele>995.3421142578125</ele><time>2026-08-23T20:05:11Z</time></trkpt><trkpt lat="52.225848" lon="-114.645875"><ele>994.345654296875</ele><time>2026-08-23T20:05:22Z</time></trkpt><trkpt lat="52.225897" lon="-114.645823"><ele>994.3079345703125</ele><time>2026-08-23T20:05:27Z</time></trkpt><trkpt lat="52.225909" lon="-114.645815"><ele>994.1958740234375</ele><time>2026-08-23T20:05:28Z</time></trkpt><trkpt lat="52.225934" lon="-114.645814"><ele>994.379345703125</ele><time>2026-08-23T20:05:30Z</time></trkpt><trkpt lat="52.225999" lon="-114.645872"><ele>994.244091796875</ele><time>2026-08-23T20:05:36Z</time></trkpt><trkpt lat="52.226014" lon="-114.645901"><ele>994.158642578125</ele><time>2026-08-23T20:05:38Z</time></trkpt><trkpt lat="52.226026" lon="-114.645986"><ele>993.533154296875</ele><time>2026-08-23T20:05:43Z</time></trkpt><trkpt lat="52.226029" lon="-114.646003"><ele>993.7847412109375</ele><time>2026-08-23T20:05:44Z</time></trkpt><trkpt lat="52.226058" lon="-114.64609"><ele>993.984814453125</ele><time>2026-08-23T20:05:49Z</time></trkpt><trkpt lat="52.226098" lon="-114.646289"><ele>994.2554443359375</ele><time>2026-08-23T20:06:00Z</time></trkpt><trkpt lat="52.226101" lon="-114.646304"><ele>993.972607421875</ele><time>2026-08-23T20:06:01Z</time></trkpt><trkpt lat="52.226107" lon="-114.646392"><ele>994.0578125</ele><time>2026-08-23T20:06:06Z</time></trkpt><trkpt lat="52.22609" lon="-114.646415"><ele>994.27216796875</ele><time>2026-08-23T20:06:08Z</time></trkpt><trkpt lat="52.22607" lon="-114.646426"><ele>994.1116455078125</ele><time>2026-08-23T20:06:10Z</time></trkpt><trkpt lat="52.225991" lon="-114.646417"><ele>993.604443359375</ele><time>2026-08-23T20:06:17Z</time></trkpt><trkpt lat="52.225979" lon="-114.646419"><ele>993.874951171875</ele><time>2026-08-23T20:06:18Z</time></trkpt><trkpt lat="52.225857" lon="-114.646482"><ele>994.0618408203125</ele><time>2026-08-23T20:06:29Z</time></trkpt><trkpt lat="52.225834" lon="-114.646467"><ele>993.897900390625</ele><time>2026-08-23T20:06:31Z</time></trkpt><trkpt lat="52.225805" lon="-114.646428"><ele>994.031201171875</ele><time>2026-08-23T20:06:34Z</time></trkpt><trkpt lat="52.225797" lon="-114.646413"><ele>994.05537109375</ele><time>2026-08-23T20:06:35Z</time></trkpt><trkpt lat="52.225767" lon="-114.64633"><ele>993.819775390625</ele><time>2026-08-23T20:06:40Z</time></trkpt><trkpt lat="52.225736" lon="-114.646178"><ele>993.861767578125</ele><time>2026-08-23T20:06:48Z</time></trkpt><trkpt lat="52.225703" lon="-114.646151"><ele>993.6707275390625</ele><time>2026-08-23T20:06:51Z</time></trkpt><trkpt lat="52.225691" lon="-114.646144"><ele>993.66962890625</ele><time>2026-08-23T20:06:52Z</time></trkpt><trkpt lat="52.225657" lon="-114.646121"><ele>993.6709716796875</ele><time>2026-08-23T20:06:55Z</time></trkpt><trkpt lat="52.225536" lon="-114.645956"><ele>993.601025390625</ele><time>2026-08-23T20:07:08Z</time></trkpt><trkpt lat="52.225529" lon="-114.645938"><ele>993.936962890625</ele><time>2026-08-23T20:07:09Z</time></trkpt><trkpt lat="52.225432" lon="-114.645663"><ele>995.59052734375</ele><time>2026-08-23T20:07:25Z</time></trkpt><trkpt lat="52.225424" lon="-114.645644"><ele>995.671826171875</ele><time>2026-08-23T20:07:26Z</time></trkpt><trkpt lat="52.225332" lon="-114.645375"><ele>996.2835205078125</ele><time>2026-08-23T20:07:42Z</time></trkpt><trkpt lat="52.225324" lon="-114.645357"><ele>996.38154296875</ele><time>2026-08-23T20:07:43Z</time></trkpt><trkpt lat="52.225233" lon="-114.645091"><ele>994.8126953125</ele><time>2026-08-23T20:07:58Z</time></trkpt><trkpt lat="52.225227" lon="-114.645072"><ele>994.74384765625</ele><time>2026-08-23T20:07:59Z</time></trkpt><trkpt lat="52.225171" lon="-114.644804"><ele>994.0525634765625</ele><time>2026-08-23T20:08:13Z</time></trkpt><trkpt lat="52.225167" lon="-114.644783"><ele>993.95625</ele><time>2026-08-23T20:08:14Z</time></trkpt><trkpt lat="52.225146" lon="-114.644688"><ele>993.055126953125</ele><time>2026-08-23T20:08:19Z</time></trkpt><trkpt lat="52.225136" lon="-114.644575"><ele>992.8318603515625</ele><time>2026-08-23T20:08:25Z</time></trkpt><trkpt lat="52.225112" lon="-114.644494"><ele>992.587841796875</ele><time>2026-08-23T20:08:30Z</time></trkpt><trkpt lat="52.225107" lon="-114.644477"><ele>992.749951171875</ele><time>2026-08-23T20:08:31Z</time></trkpt><trkpt lat="52.225095" lon="-114.644446"><ele>992.39375</ele><time>2026-08-23T20:08:36Z</time></trkpt></trkseg></trk><trk><name>N/S Trail</name><desc></desc><extensions><line xmlns="http://www.topografix.com/GPX/gpx_style/0/2"><color>00DAE1</color></line></extensions><trkseg><trkpt lat="52.226773" lon="-114.650987"><ele>986.3108670576421</ele><time>2026-09-05T22:13:05Z</time></trkpt><trkpt lat="52.226778" lon="-114.650981"><ele>986.6149067037989</ele><time>2026-09-05T22:13:11Z</time></trkpt><trkpt lat="52.226771" lon="-114.650983"><ele>987.0568012780444</ele><time>2026-09-05T22:13:14Z</time></trkpt><trkpt lat="52.226758" lon="-114.650998"><ele>987.0784315348931</ele><time>2026-09-05T22:13:15Z</time></trkpt><trkpt lat="52.226751" lon="-114.651018"><ele>987.7063680142955</ele><time>2026-09-05T22:13:16Z</time></trkpt><trkpt lat="52.226743" lon="-114.651179"><ele>988.2332900039598</ele><time>2026-09-05T22:13:23Z</time></trkpt><trkpt lat="52.226716" lon="-114.65127"><ele>988.0756967371476</ele><time>2026-09-05T22:13:26Z</time></trkpt><trkpt lat="52.2267" lon="-114.651277"><ele>987.7341987345891</ele><time>2026-09-05T22:13:27Z</time></trkpt><trkpt lat="52.226657" lon="-114.6513"><ele>988.7806963315742</ele><time>2026-09-05T22:13:29Z</time></trkpt><trkpt lat="52.226635" lon="-114.651324"><ele>989.0157130192842</ele><time>2026-09-05T22:13:30Z</time></trkpt><trkpt lat="52.226584" lon="-114.651427"><ele>989.9621452829056</ele><time>2026-09-05T22:13:33Z</time></trkpt><trkpt lat="52.226518" lon="-114.651508"><ele>990.9837919580366</ele><time>2026-09-05T22:13:36Z</time></trkpt><trkpt lat="52.226497" lon="-114.651528"><ele>991.1873888287686</ele><time>2026-09-05T22:13:37Z</time></trkpt><trkpt lat="52.226456" lon="-114.651556"><ele>991.9308981463047</ele><time>2026-09-05T22:13:39Z</time></trkpt><trkpt lat="52.226408" lon="-114.651558"><ele>993.1025668328341</ele><time>2026-09-05T22:13:41Z</time></trkpt><trkpt lat="52.226295" lon="-114.651496"><ele>994.658276158157</ele><time>2026-09-05T22:13:46Z</time></trkpt><trkpt lat="52.226281" lon="-114.651491"><ele>994.3885494669131</ele><time>2026-09-05T22:13:47Z</time></trkpt><trkpt lat="52.226188" lon="-114.651492"><ele>995.2054812414214</ele><time>2026-09-05T22:13:52Z</time></trkpt><trkpt lat="52.226094" lon="-114.651452"><ele>996.0714458746381</ele><time>2026-09-05T22:13:56Z</time></trkpt><trkpt lat="52.226067" lon="-114.651446"><ele>996.1795065951684</ele><time>2026-09-05T22:13:57Z</time></trkpt><trkpt lat="52.226011" lon="-114.651475"><ele>997.1688166538214</ele><time>2026-09-05T22:13:59Z</time></trkpt><trkpt lat="52.225922" lon="-114.651549"><ele>997.926172308085</ele><time>2026-09-05T22:14:03Z</time></trkpt><trkpt lat="52.225894" lon="-114.651561"><ele>997.6074901521416</ele><time>2026-09-05T22:14:04Z</time></trkpt><trkpt lat="52.22583" lon="-114.651567"><ele>998.237600583173</ele><time>2026-09-05T22:14:06Z</time></trkpt><trkpt lat="52.225794" lon="-114.65157"><ele>998.4253614366046</ele><time>2026-09-05T22:14:07Z</time></trkpt><trkpt lat="52.225659" lon="-114.651587"><ele>1000.1131958286838</ele><time>2026-09-05T22:14:11Z</time></trkpt><trkpt lat="52.225496" lon="-114.651647"><ele>999.97373632779</ele><time>2026-09-05T22:14:16Z</time></trkpt><trkpt lat="52.22546" lon="-114.651657"><ele>999.938212534757</ele><time>2026-09-05T22:14:17Z</time></trkpt><trkpt lat="52.225192" lon="-114.651764"><ele>999.5726908056986</ele><time>2026-09-05T22:14:26Z</time></trkpt><trkpt lat="52.22517" lon="-114.65177"><ele>999.3408763614664</ele><time>2026-09-05T22:14:27Z</time></trkpt><trkpt lat="52.224963" lon="-114.651893"><ele>997.3031612702265</ele><time>2026-09-05T22:14:36Z</time></trkpt><trkpt lat="52.224936" lon="-114.651908"><ele>996.7109560882587</ele><time>2026-09-05T22:14:37Z</time></trkpt><trkpt lat="52.224879" lon="-114.651936"><ele>996.2649965927322</ele><time>2026-09-05T22:14:39Z</time></trkpt><trkpt lat="52.224819" lon="-114.651946"><ele>995.4044256391184</ele><time>2026-09-05T22:14:41Z</time></trkpt><trkpt lat="52.224757" lon="-114.651937"><ele>994.4848205054658</ele><time>2026-09-05T22:14:43Z</time></trkpt><trkpt lat="52.224663" lon="-114.651907"><ele>993.9480999589185</ele><time>2026-09-05T22:14:46Z</time></trkpt><trkpt lat="52.224631" lon="-114.651898"><ele>993.8889661855197</ele><time>2026-09-05T22:14:47Z</time></trkpt><trkpt lat="52.224468" lon="-114.651888"><ele>993.3888666452303</ele><time>2026-09-05T22:14:52Z</time></trkpt><trkpt lat="52.224367" lon="-114.651922"><ele>992.6310130077908</ele><time>2026-09-05T22:14:56Z</time></trkpt><trkpt lat="52.224346" lon="-114.651929"><ele>992.2103709476277</ele><time>2026-09-05T22:14:57Z</time></trkpt><trkpt lat="52.224269" lon="-114.651966"><ele>990.5269364569824</ele><time>2026-09-05T22:15:01Z</time></trkpt><trkpt lat="52.22425" lon="-114.65195"><ele>990.2177165074493</ele><time>2026-09-05T22:15:08Z</time></trkpt></trkseg></trk><trk><name>Clint Trail</name><desc></desc><extensions><line xmlns="http://www.topografix.com/GPX/gpx_style/0/2"><color>00B2FF</color></line></extensions><trkseg><trkpt lat="52.227268" lon="-114.653326"><ele>995.2211297633726</ele><time>2026-09-05T21:25:37Z</time></trkpt><trkpt lat="52.227272" lon="-114.653384"><ele>994.9963303356708</ele><time>2026-09-05T21:25:46Z</time></trkpt><trkpt lat="52.227268" lon="-114.653417"><ele>995.2471423576291</ele><time>2026-09-05T21:25:47Z</time></trkpt><trkpt lat="52.227223" lon="-114.653574"><ele>995.5750342959574</ele><time>2026-09-05T21:25:52Z</time></trkpt><trkpt lat="52.227181" lon="-114.653625"><ele>995.2970412674653</ele><time>2026-09-05T21:25:54Z</time></trkpt><trkpt lat="52.227134" lon="-114.653658"><ele>994.5451526858051</ele><time>2026-09-05T21:25:56Z</time></trkpt><trkpt lat="52.227109" lon="-114.653668"><ele>994.2806581468835</ele><time>2026-09-05T21:25:57Z</time></trkpt><trkpt lat="52.227086" lon="-114.653686"><ele>993.6656713197622</ele><time>2026-09-05T21:25:58Z</time></trkpt><trkpt lat="52.227032" lon="-114.653778"><ele>992.7427777634398</ele><time>2026-09-05T21:26:01Z</time></trkpt><trkpt lat="52.226963" lon="-114.653946"><ele>992.9534075471744</ele><time>2026-09-05T21:26:06Z</time></trkpt><trkpt lat="52.226951" lon="-114.653968"><ele>993.1804094762302</ele><time>2026-09-05T21:26:07Z</time></trkpt><trkpt lat="52.226921" lon="-114.654008"><ele>992.881308943525</ele><time>2026-09-05T21:26:09Z</time></trkpt><trkpt lat="52.226885" lon="-114.654016"><ele>992.6133441848375</ele><time>2026-09-05T21:26:14Z</time></trkpt></trkseg></trk><trk><name>Outside Trail</name><desc></desc><extensions><line xmlns="http://www.topografix.com/GPX/gpx_style/0/2"><color>F42410</color></line></extensions><trkseg><trkpt lat="52.224042" lon="-114.647179"><ele>987.4147271150291</ele><time>2026-09-05T23:06:49Z</time></trkpt><trkpt lat="52.223993" lon="-114.647136"><ele>971.0637451453842</ele><time>2026-09-05T23:06:51Z</time></trkpt><trkpt lat="52.224006" lon="-114.64714"><ele>975.0</ele><time>2026-09-05T23:06:53Z</time></trkpt><trkpt lat="52.224038" lon="-114.647111"><ele>978.0077097158904</ele><time>2026-09-05T23:06:57Z</time></trkpt><trkpt lat="52.224088" lon="-114.647113"><ele>979.0740485912087</ele><time>2026-09-05T23:06:59Z</time></trkpt><trkpt lat="52.224118" lon="-114.64712"><ele>979.3287212642211</ele><time>2026-09-05T23:07:00Z</time></trkpt><trkpt lat="52.224301" lon="-114.647177"><ele>984.8080374316137</ele><time>2026-09-05T23:07:07Z</time></trkpt><trkpt lat="52.224359" lon="-114.647204"><ele>985.1756485391157</ele><time>2026-09-05T23:07:09Z</time></trkpt><trkpt lat="52.224384" lon="-114.647213"><ele>985.0934458973583</ele><time>2026-09-05T23:07:10Z</time></trkpt><trkpt lat="52.224474" lon="-114.647268"><ele>985.214009055616</ele><time>2026-09-05T23:07:14Z</time></trkpt><trkpt lat="52.224586" lon="-114.647388"><ele>985.3303767516894</ele><time>2026-09-05T23:07:19Z</time></trkpt><trkpt lat="52.22461" lon="-114.647402"><ele>985.1218728949658</ele><time>2026-09-05T23:07:20Z</time></trkpt><trkpt lat="52.224655" lon="-114.647428"><ele>984.7366451786902</ele><time>2026-09-05T23:07:22Z</time></trkpt><trkpt lat="52.224722" lon="-114.647567"><ele>984.044961028827</ele><time>2026-09-05T23:07:27Z</time></trkpt><trkpt lat="52.224761" lon="-114.647616"><ele>983.9525847091497</ele><time>2026-09-05T23:07:29Z</time></trkpt><trkpt lat="52.224783" lon="-114.647635"><ele>984.0939681634381</ele><time>2026-09-05T23:07:30Z</time></trkpt><trkpt lat="52.224811" lon="-114.647652"><ele>983.3382631868974</ele><time>2026-09-05T23:07:42Z</time></trkpt><trkpt lat="52.22485" lon="-114.647711"><ele>983.2941459254175</ele><time>2026-09-05T23:07:44Z</time></trkpt><trkpt lat="52.224913" lon="-114.647858"><ele>983.5417538224887</ele><time>2026-09-05T23:07:47Z</time></trkpt><trkpt lat="52.22497" lon="-114.647961"><ele>983.4206752093097</ele><time>2026-09-05T23:07:49Z</time></trkpt><trkpt lat="52.224999" lon="-114.64801"><ele>983.5045761187744</ele><time>2026-09-05T23:07:50Z</time></trkpt><trkpt lat="52.225028" lon="-114.648061"><ele>983.448284509654</ele><time>2026-09-05T23:07:51Z</time></trkpt><trkpt lat="52.225169" lon="-114.648207"><ele>983.7473803848493</ele><time>2026-09-05T23:07:55Z</time></trkpt><trkpt lat="52.2253" lon="-114.648361"><ele>983.2407523096398</ele><time>2026-09-05T23:07:59Z</time></trkpt><trkpt lat="52.225332" lon="-114.648402"><ele>983.0471737871862</ele><time>2026-09-05T23:08:00Z</time></trkpt><trkpt lat="52.225382" lon="-114.648497"><ele>983.3879726126704</ele><time>2026-09-05T23:08:02Z</time></trkpt><trkpt lat="52.225458" lon="-114.648593"><ele>983.9338496995053</ele><time>2026-09-05T23:08:05Z</time></trkpt><trkpt lat="52.225482" lon="-114.648656"><ele>983.9904763474108</ele><time>2026-09-05T23:08:07Z</time></trkpt><trkpt lat="52.22553" lon="-114.648718"><ele>984.4717693292239</ele><time>2026-09-05T23:08:09Z</time></trkpt><trkpt lat="52.225552" lon="-114.648754"><ele>983.6321242957689</ele><time>2026-09-05T23:08:10Z</time></trkpt><trkpt lat="52.22566" lon="-114.648954"><ele>983.7525235227263</ele><time>2026-09-05T23:08:15Z</time></trkpt><trkpt lat="52.225727" lon="-114.649027"><ele>983.685992441483</ele><time>2026-09-05T23:08:19Z</time></trkpt><trkpt lat="52.225743" lon="-114.649049"><ele>983.6936798044119</ele><time>2026-09-05T23:08:20Z</time></trkpt><trkpt lat="52.225934" lon="-114.649339"><ele>983.9440210096151</ele><time>2026-09-05T23:08:29Z</time></trkpt><trkpt lat="52.225958" lon="-114.649368"><ele>983.9738771390249</ele><time>2026-09-05T23:08:30Z</time></trkpt><trkpt lat="52.226059" lon="-114.649493"><ele>983.6548696742977</ele><time>2026-09-05T23:08:34Z</time></trkpt><trkpt lat="52.226136" lon="-114.64965"><ele>984.4060728459422</ele><time>2026-09-05T23:08:39Z</time></trkpt><trkpt lat="52.226147" lon="-114.649678"><ele>984.2404078758492</ele><time>2026-09-05T23:08:40Z</time></trkpt><trkpt lat="52.226238" lon="-114.649882"><ele>984.3173044037494</ele><time>2026-09-05T23:08:46Z</time></trkpt><trkpt lat="52.226286" lon="-114.649967"><ele>984.4919898494313</ele><time>2026-09-05T23:08:49Z</time></trkpt><trkpt lat="52.226305" lon="-114.649997"><ele>984.3703989878002</ele><time>2026-09-05T23:08:50Z</time></trkpt><trkpt lat="52.226366" lon="-114.650105"><ele>984.3136832322934</ele><time>2026-09-05T23:08:53Z</time></trkpt><trkpt lat="52.226452" lon="-114.650201"><ele>984.7249276502829</ele><time>2026-09-05T23:08:56Z</time></trkpt><trkpt lat="52.226519" lon="-114.650295"><ele>984.883236810737</ele><time>2026-09-05T23:08:59Z</time></trkpt><trkpt lat="52.226543" lon="-114.650323"><ele>984.9245161953957</ele><time>2026-09-05T23:09:00Z</time></trkpt><trkpt lat="52.226669" lon="-114.650507"><ele>985.4503717871654</ele><time>2026-09-05T23:09:05Z</time></trkpt><trkpt lat="52.226752" lon="-114.650653"><ele>986.1846664029592</ele><time>2026-09-05T23:09:09Z</time></trkpt><trkpt lat="52.226772" lon="-114.650684"><ele>986.2968058132935</ele><time>2026-09-05T23:09:10Z</time></trkpt><trkpt lat="52.22689" lon="-114.650849"><ele>986.3776657025059</ele><time>2026-09-05T23:09:16Z</time></trkpt><trkpt lat="52.22695" lon="-114.650914"><ele>986.2546612809408</ele><time>2026-09-05T23:09:19Z</time></trkpt><trkpt lat="52.226973" lon="-114.650939"><ele>986.0781785495527</ele><time>2026-09-05T23:09:20Z</time></trkpt><trkpt lat="52.2271" lon="-114.651065"><ele>985.8859617000161</ele><time>2026-09-05T23:09:24Z</time></trkpt><trkpt lat="52.22723" lon="-114.651229"><ele>985.307332414789</ele><time>2026-09-05T23:09:29Z</time></trkpt><trkpt lat="52.227247" lon="-114.651257"><ele>985.1321067654185</ele><time>2026-09-05T23:09:30Z</time></trkpt><trkpt lat="52.227275" lon="-114.651317"><ele>984.9454471424997</ele><time>2026-09-05T23:09:32Z</time></trkpt><trkpt lat="52.227351" lon="-114.65161"><ele>984.7960398301416</ele><time>2026-09-05T23:09:39Z</time></trkpt><trkpt lat="52.227367" lon="-114.651655"><ele>985.0486698490985</ele><time>2026-09-05T23:09:40Z</time></trkpt><trkpt lat="52.227412" lon="-114.651801"><ele>985.4805363210323</ele><time>2026-09-05T23:09:43Z</time></trkpt><trkpt lat="52.227528" lon="-114.652101"><ele>985.2797648109748</ele><time>2026-09-05T23:09:49Z</time></trkpt><trkpt lat="52.227551" lon="-114.652148"><ele>985.1311066210121</ele><time>2026-09-05T23:09:50Z</time></trkpt><trkpt lat="52.227715" lon="-114.652469"><ele>985.0535257191909</ele><time>2026-09-05T23:09:57Z</time></trkpt><trkpt lat="52.227758" lon="-114.652572"><ele>985.1439422860498</ele><time>2026-09-05T23:09:59Z</time></trkpt><trkpt lat="52.227777" lon="-114.652624"><ele>985.3539221901555</ele><time>2026-09-05T23:10:00Z</time></trkpt><trkpt lat="52.227837" lon="-114.652772"><ele>984.7034767422767</ele><time>2026-09-05T23:10:03Z</time></trkpt><trkpt lat="52.227886" lon="-114.652856"><ele>985.3709844858606</ele><time>2026-09-05T23:10:05Z</time></trkpt><trkpt lat="52.227915" lon="-114.652885"><ele>984.8846101445394</ele><time>2026-09-05T23:10:06Z</time></trkpt><trkpt lat="52.227999" lon="-114.652932"><ele>984.3722031345471</ele><time>2026-09-05T23:10:09Z</time></trkpt><trkpt lat="52.228014" lon="-114.652944"><ele>984.0800534231752</ele><time>2026-09-05T23:10:10Z</time></trkpt><trkpt lat="52.228044" lon="-114.652994"><ele>983.7764200252076</ele><time>2026-09-05T23:10:12Z</time></trkpt><trkpt lat="52.228062" lon="-114.653116"><ele>984.1175250836759</ele><time>2026-09-05T23:10:15Z</time></trkpt><trkpt lat="52.228103" lon="-114.653293"><ele>983.7503332625231</ele><time>2026-09-05T23:10:19Z</time></trkpt><trkpt lat="52.228122" lon="-114.653334"><ele>983.6397980503394</ele><time>2026-09-05T23:10:20Z</time></trkpt><trkpt lat="52.228259" lon="-114.653687"><ele>983.8294241812448</ele><time>2026-09-05T23:10:29Z</time></trkpt><trkpt lat="52.228273" lon="-114.653733"><ele>984.0500577677738</ele><time>2026-09-05T23:10:30Z</time></trkpt><trkpt lat="52.228356" lon="-114.653974"><ele>985.147247474397</ele><time>2026-09-05T23:10:35Z</time></trkpt><trkpt lat="52.228411" lon="-114.654167"><ele>984.9079262443961</ele><time>2026-09-05T23:10:39Z</time></trkpt><trkpt lat="52.228416" lon="-114.654192"><ele>984.7094918715829</ele><time>2026-09-05T23:10:40Z</time></trkpt><trkpt lat="52.228439" lon="-114.654325"><ele>985.5790653604266</ele><time>2026-09-05T23:11:09Z</time></trkpt><trkpt lat="52.228445" lon="-114.654509"><ele>985.3683500121956</ele><time>2026-09-05T23:11:13Z</time></trkpt><trkpt lat="52.228436" lon="-114.654551"><ele>985.394806314667</ele><time>2026-09-05T23:11:14Z</time></trkpt><trkpt lat="52.228417" lon="-114.654584"><ele>985.4816235201492</ele><time>2026-09-05T23:11:15Z</time></trkpt><trkpt lat="52.228389" lon="-114.654605"><ele>985.6899389055906</ele><time>2026-09-05T23:11:16Z</time></trkpt><trkpt lat="52.228271" lon="-114.654657"><ele>986.6257967785907</ele><time>2026-09-05T23:11:20Z</time></trkpt><trkpt lat="52.22818" lon="-114.654728"><ele>986.8456511352065</ele><time>2026-09-05T23:11:23Z</time></trkpt><trkpt lat="52.228164" lon="-114.654748"><ele>986.8415550457536</ele><time>2026-09-05T23:11:24Z</time></trkpt><trkpt lat="52.228158" lon="-114.654756"><ele>986.8848074123449</ele><time>2026-09-05T23:11:25Z</time></trkpt><trkpt lat="52.228154" lon="-114.654743"><ele>987.1150865185778</ele><time>2026-09-05T23:11:35Z</time></trkpt></trkseg></trk><trk><name>Saturday Afternoon Walking</name><desc>BP Trail</desc><extensions><line xmlns="http://www.topografix.com/GPX/gpx_style/0/2"><color>F42410</color></line></extensions><trkseg><trkpt lat="52.226025" lon="-114.653652"><ele>995.6190883580904</ele><time>2026-09-05T21:46:24Z</time></trkpt><trkpt lat="52.226075" lon="-114.653529"><ele>996.0773841905475</ele><time>2026-09-05T21:46:33Z</time></trkpt><trkpt lat="52.22609" lon="-114.653487"><ele>996.1773115330186</ele><time>2026-09-05T21:46:34Z</time></trkpt><trkpt lat="52.226165" lon="-114.65329"><ele>996.3435371692692</ele><time>2026-09-05T21:46:39Z</time></trkpt><trkpt lat="52.226204" lon="-114.653106"><ele>997.3443585863274</ele><time>2026-09-05T21:46:43Z</time></trkpt><trkpt lat="52.226208" lon="-114.653053"><ele>997.2743639840587</ele><time>2026-09-05T21:46:44Z</time></trkpt><trkpt lat="52.226213" lon="-114.652703"><ele>997.9277340746854</ele><time>2026-09-05T21:46:51Z</time></trkpt><trkpt lat="52.226229" lon="-114.652608"><ele>997.1254783975899</ele><time>2026-09-05T21:46:53Z</time></trkpt><trkpt lat="52.226242" lon="-114.652565"><ele>997.3528509641428</ele><time>2026-09-05T21:46:54Z</time></trkpt><trkpt lat="52.226275" lon="-114.65248"><ele>997.2554332245086</ele><time>2026-09-05T21:46:56Z</time></trkpt><trkpt lat="52.226288" lon="-114.652403"><ele>996.6260021836572</ele><time>2026-09-05T21:46:58Z</time></trkpt><trkpt lat="52.226278" lon="-114.652317"><ele>997.0165469152968</ele><time>2026-09-05T21:47:00Z</time></trkpt><trkpt lat="52.226241" lon="-114.652198"><ele>996.9694945952958</ele><time>2026-09-05T21:47:03Z</time></trkpt><trkpt lat="52.226239" lon="-114.652168"><ele>996.798881584284</ele><time>2026-09-05T21:47:04Z</time></trkpt><trkpt lat="52.226245" lon="-114.652129"><ele>997.1117025629809</ele><time>2026-09-05T21:47:08Z</time></trkpt></trkseg></trk><trk><name>Tree Farm Trail</name><desc></desc><extensions><line xmlns="http://www.topografix.com/GPX/gpx_style/0/2"><color>5E7A8C</color></line></extensions><trkseg><trkpt lat="52.228564" lon="-114.651859"><ele>986.5671152444752</ele><time>2026-09-05T20:35:55Z</time></trkpt><trkpt lat="52.228566" lon="-114.65186"><ele>986.6538993470575</ele><time>2026-09-05T20:36:04Z</time></trkpt><trkpt lat="52.228566" lon="-114.651859"><ele>986.6755522542078</ele><time>2026-09-05T20:36:05Z</time></trkpt><trkpt lat="52.228619" lon="-114.651827"><ele>988.0969007982493</ele><time>2026-09-05T20:36:14Z</time></trkpt><trkpt lat="52.228693" lon="-114.651816"><ele>989.3214098392104</ele><time>2026-09-05T20:36:19Z</time></trkpt><trkpt lat="52.228705" lon="-114.651818"><ele>989.5118766912926</ele><time>2026-09-05T20:36:20Z</time></trkpt><trkpt lat="52.228771" lon="-114.651841"><ele>990.1459785540678</ele><time>2026-09-05T20:36:25Z</time></trkpt><trkpt lat="52.228853" lon="-114.651901"><ele>990.0951048593574</ele><time>2026-09-05T20:36:30Z</time></trkpt><trkpt lat="52.228873" lon="-114.651914"><ele>990.2710159701661</ele><time>2026-09-05T20:36:31Z</time></trkpt><trkpt lat="52.229026" lon="-114.652024"><ele>990.1315300460478</ele><time>2026-09-05T20:36:37Z</time></trkpt><trkpt lat="52.229118" lon="-114.652068"><ele>990.5614058416187</ele><time>2026-09-05T20:36:40Z</time></trkpt><trkpt lat="52.229152" lon="-114.652082"><ele>990.4287185691462</ele><time>2026-09-05T20:36:41Z</time></trkpt><trkpt lat="52.229326" lon="-114.652172"><ele>989.8664213616122</ele><time>2026-09-05T20:36:46Z</time></trkpt><trkpt lat="52.229466" lon="-114.652231"><ele>989.4566350550169</ele><time>2026-09-05T20:36:50Z</time></trkpt><trkpt lat="52.229498" lon="-114.652238"><ele>989.6533325070458</ele><time>2026-09-05T20:36:51Z</time></trkpt><trkpt lat="52.229627" lon="-114.652251"><ele>989.9774411966995</ele><time>2026-09-05T20:36:55Z</time></trkpt><trkpt lat="52.229793" lon="-114.652306"><ele>990.4850561625371</ele><time>2026-09-05T20:37:00Z</time></trkpt><trkpt lat="52.229825" lon="-114.652322"><ele>990.6180327894837</ele><time>2026-09-05T20:37:01Z</time></trkpt><trkpt lat="52.229948" lon="-114.652393"><ele>990.5951686291056</ele><time>2026-09-05T20:37:06Z</time></trkpt><trkpt lat="52.230055" lon="-114.652476"><ele>989.0364460827266</ele><time>2026-09-05T20:37:10Z</time></trkpt><trkpt lat="52.230087" lon="-114.652493"><ele>988.8717141435851</ele><time>2026-09-05T20:37:11Z</time></trkpt><trkpt lat="52.23018" lon="-114.652519"><ele>988.0669830385398</ele><time>2026-09-05T20:37:14Z</time></trkpt><trkpt lat="52.230272" lon="-114.652525"><ele>987.1380313024035</ele><time>2026-09-05T20:37:17Z</time></trkpt><trkpt lat="52.230327" lon="-114.652563"><ele>986.9978202255083</ele><time>2026-09-05T20:37:19Z</time></trkpt><trkpt lat="52.230349" lon="-114.6526"><ele>986.8028789765643</ele><time>2026-09-05T20:37:20Z</time></trkpt><trkpt lat="52.230367" lon="-114.652645"><ele>986.5532566865172</ele><time>2026-09-05T20:37:21Z</time></trkpt><trkpt lat="52.230383" lon="-114.652755"><ele>986.402974232577</ele><time>2026-09-05T20:37:23Z</time></trkpt><trkpt lat="52.230376" lon="-114.65281"><ele>986.2690748465803</ele><time>2026-09-05T20:37:24Z</time></trkpt><trkpt lat="52.230359" lon="-114.652858"><ele>986.3882555483883</ele><time>2026-09-05T20:37:25Z</time></trkpt><trkpt lat="52.23031" lon="-114.652937"><ele>986.5846497216027</ele><time>2026-09-05T20:37:27Z</time></trkpt><trkpt lat="52.230291" lon="-114.652962"><ele>986.4800949381926</ele><time>2026-09-05T20:37:28Z</time></trkpt><trkpt lat="52.230255" lon="-114.652977"><ele>986.3008585291656</ele><time>2026-09-05T20:37:37Z</time></trkpt><trkpt lat="52.230234" lon="-114.652977"><ele>986.3060760726938</ele><time>2026-09-05T20:37:38Z</time></trkpt><trkpt lat="52.230178" lon="-114.652958"><ele>986.4724738660966</ele><time>2026-09-05T20:37:40Z</time></trkpt><trkpt lat="52.229976" lon="-114.65283"><ele>988.5921168218589</ele><time>2026-09-05T20:37:47Z</time></trkpt><trkpt lat="52.229946" lon="-114.652809"><ele>988.7233318857061</ele><time>2026-09-05T20:37:48Z</time></trkpt><trkpt lat="52.2297" lon="-114.652546"><ele>988.8970863934301</ele><time>2026-09-05T20:37:57Z</time></trkpt><trkpt lat="52.229677" lon="-114.652523"><ele>989.025714490734</ele><time>2026-09-05T20:37:58Z</time></trkpt><trkpt lat="52.229582" lon="-114.652435"><ele>989.339456737853</ele><time>2026-09-05T20:38:02Z</time></trkpt><trkpt lat="52.229526" lon="-114.652436"><ele>989.3363839428955</ele><time>2026-09-05T20:38:04Z</time></trkpt><trkpt lat="52.229435" lon="-114.652471"><ele>988.6659437448839</ele><time>2026-09-05T20:38:07Z</time></trkpt><trkpt lat="52.229403" lon="-114.65248"><ele>988.6860034543068</ele><time>2026-09-05T20:38:08Z</time></trkpt><trkpt lat="52.229334" lon="-114.65248"><ele>988.4827492464397</ele><time>2026-09-05T20:38:10Z</time></trkpt><trkpt lat="52.229302" lon="-114.652467"><ele>988.8268277099734</ele><time>2026-09-05T20:38:11Z</time></trkpt><trkpt lat="52.22911" lon="-114.652326"><ele>989.2612981040163</ele><time>2026-09-05T20:38:17Z</time></trkpt><trkpt lat="52.229077" lon="-114.652305"><ele>988.7942845087892</ele><time>2026-09-05T20:38:18Z</time></trkpt><trkpt lat="52.228942" lon="-114.652233"><ele>989.0957077163584</ele><time>2026-09-05T20:38:22Z</time></trkpt><trkpt lat="52.228896" lon="-114.652172"><ele>989.4010494569303</ele><time>2026-09-05T20:38:24Z</time></trkpt><trkpt lat="52.228844" lon="-114.652079"><ele>988.9419925794</ele><time>2026-09-05T20:38:27Z</time></trkpt><trkpt lat="52.228826" lon="-114.652044"><ele>988.9086954398063</ele><time>2026-09-05T20:38:28Z</time></trkpt><trkpt lat="52.228717" lon="-114.651878"><ele>988.8550968594463</ele><time>2026-09-05T20:38:33Z</time></trkpt><trkpt lat="52.228676" lon="-114.651847"><ele>988.4574464320135</ele><time>2026-09-05T20:38:35Z</time></trkpt><trkpt lat="52.228646" lon="-114.651852"><ele>988.8425365780275</ele><time>2026-09-05T20:38:38Z</time></trkpt><trkpt lat="52.228643" lon="-114.651854"><ele>988.9190927810737</ele><time>2026-09-05T20:38:39Z</time></trkpt><trkpt lat="52.228583" lon="-114.651888"><ele>987.8253036968293</ele><time>2026-09-05T20:38:49Z</time></trkpt><trkpt lat="52.228565" lon="-114.651886"><ele>987.8786584936367</ele><time>2026-09-05T20:38:50Z</time></trkpt><trkpt lat="52.22855" lon="-114.65186"><ele>988.3502556118119</ele><time>2026-09-05T20:38:57Z</time></trkpt></trkseg></trk><trk><name>Perimeter</name><desc></desc><extensions><line xmlns="http://www.topografix.com/GPX/gpx_style/0/2"><color>00DAE1</color></line></extensions><trkseg><trkpt lat="52.225174" lon="-114.644443"><ele>975.86328125</ele><time>2026-08-23T20:40:31Z</time></trkpt><trkpt lat="52.225206" lon="-114.64446"><ele>992.5607421875</ele><time>2026-08-23T20:40:40Z</time></trkpt><trkpt lat="52.225215" lon="-114.644463"><ele>992.78388671875</ele><time>2026-08-23T20:40:41Z</time></trkpt><trkpt lat="52.225289" lon="-114.644462"><ele>992.372998046875</ele><time>2026-08-23T20:40:48Z</time></trkpt><trkpt lat="52.225307" lon="-114.644471"><ele>993.1670654296875</ele><time>2026-08-23T20:40:50Z</time></trkpt><trkpt lat="52.22534" lon="-114.644516"><ele>993.48408203125</ele><time>2026-08-23T20:40:55Z</time></trkpt><trkpt lat="52.225371" lon="-114.64453"><ele>992.9419677734375</ele><time>2026-08-23T20:40:59Z</time></trkpt><trkpt lat="52.225377" lon="-114.64453"><ele>992.7892578125</ele><time>2026-08-23T20:41:00Z</time></trkpt><trkpt lat="52.225563" lon="-114.64453"><ele>992.80390625</ele><time>2026-08-23T20:41:16Z</time></trkpt><trkpt lat="52.225575" lon="-114.644532"><ele>992.8048828125</ele><time>2026-08-23T20:41:17Z</time></trkpt><trkpt lat="52.225631" lon="-114.644539"><ele>991.66181640625</ele><time>2026-08-23T20:41:22Z</time></trkpt><trkpt lat="52.22565" lon="-114.644554"><ele>991.450390625</ele><time>2026-08-23T20:41:24Z</time></trkpt><trkpt lat="52.225664" lon="-114.644545"><ele>992.13203125</ele><time>2026-08-23T20:41:40Z</time></trkpt><trkpt lat="52.225744" lon="-114.644544"><ele>991.86689453125</ele><time>2026-08-23T20:41:47Z</time></trkpt><trkpt lat="52.225754" lon="-114.644544"><ele>991.737744140625</ele><time>2026-08-23T20:41:48Z</time></trkpt><trkpt lat="52.225789" lon="-114.644555"><ele>991.3509033203125</ele><time>2026-08-23T20:41:52Z</time></trkpt><trkpt lat="52.225809" lon="-114.644549"><ele>991.255810546875</ele><time>2026-08-23T20:41:54Z</time></trkpt><trkpt lat="52.225877" lon="-114.644559"><ele>990.724072265625</ele><time>2026-08-23T20:42:01Z</time></trkpt><trkpt lat="52.225899" lon="-114.644547"><ele>990.426708984375</ele><time>2026-08-23T20:42:03Z</time></trkpt><trkpt lat="52.22593" lon="-114.64455"><ele>990.817578125</ele><time>2026-08-23T20:42:06Z</time></trkpt><trkpt lat="52.225938" lon="-114.644554"><ele>990.6717041015625</ele><time>2026-08-23T20:42:07Z</time></trkpt><trkpt lat="52.225967" lon="-114.644545"><ele>990.03291015625</ele><time>2026-08-23T20:42:10Z</time></trkpt><trkpt lat="52.226002" lon="-114.644556"><ele>989.7837646484375</ele><time>2026-08-23T20:42:14Z</time></trkpt><trkpt lat="52.226104" lon="-114.64455"><ele>989.8267333984375</ele><time>2026-08-23T20:42:23Z</time></trkpt><trkpt lat="52.226116" lon="-114.64455"><ele>989.911572265625</ele><time>2026-08-23T20:42:24Z</time></trkpt><trkpt lat="52.226198" lon="-114.644542"><ele>990.4376953125</ele><time>2026-08-23T20:42:31Z</time></trkpt><trkpt lat="52.226218" lon="-114.644552"><ele>990.2591064453125</ele><time>2026-08-23T20:42:33Z</time></trkpt><trkpt lat="52.226243" lon="-114.644543"><ele>990.3042724609375</ele><time>2026-08-23T20:42:36Z</time></trkpt><trkpt lat="52.226263" lon="-114.644523"><ele>990.58076171875</ele><time>2026-08-23T20:42:38Z</time></trkpt><trkpt lat="52.226297" lon="-114.644519"><ele>990.8897216796875</ele><time>2026-08-23T20:42:42Z</time></trkpt><trkpt lat="52.226307" lon="-114.64452"><ele>990.98408203125</ele><time>2026-08-23T20:42:43Z</time></trkpt><trkpt lat="52.226477" lon="-114.644533"><ele>990.52412109375</ele><time>2026-08-23T20:42:59Z</time></trkpt><trkpt lat="52.226488" lon="-114.644534"><ele>990.5646484375</ele><time>2026-08-23T20:43:00Z</time></trkpt><trkpt lat="52.226661" lon="-114.644538"><ele>990.953564453125</ele><time>2026-08-23T20:43:17Z</time></trkpt><trkpt lat="52.226671" lon="-114.644537"><ele>991.061474609375</ele><time>2026-08-23T20:43:18Z</time></trkpt><trkpt lat="52.226852" lon="-114.644545"><ele>991.6658447265625</ele><time>2026-08-23T20:43:34Z</time></trkpt><trkpt lat="52.226862" lon="-114.644545"><ele>991.7637451171875</ele><time>2026-08-23T20:43:35Z</time></trkpt><trkpt lat="52.227032" lon="-114.644535"><ele>994.4397705078125</ele><time>2026-08-23T20:43:53Z</time></trkpt><trkpt lat="52.227043" lon="-114.644531"><ele>994.086865234375</ele><time>2026-08-23T20:43:54Z</time></trkpt><trkpt lat="52.227075" lon="-114.644523"><ele>995.135205078125</ele><time>2026-08-23T20:43:57Z</time></trkpt><trkpt lat="52.227145" lon="-114.644543"><ele>994.820263671875</ele><time>2026-08-23T20:44:04Z</time></trkpt><trkpt lat="52.227218" lon="-114.644542"><ele>994.180859375</ele><time>2026-08-23T20:44:11Z</time></trkpt><trkpt lat="52.227226" lon="-114.644545"><ele>994.11396484375</ele><time>2026-08-23T20:44:12Z</time></trkpt><trkpt lat="52.227401" lon="-114.644544"><ele>994.6720703125</ele><time>2026-08-23T20:44:28Z</time></trkpt><trkpt lat="52.227412" lon="-114.644546"><ele>994.8272216796875</ele><time>2026-08-23T20:44:29Z</time></trkpt><trkpt lat="52.227597" lon="-114.644547"><ele>995.09150390625</ele><time>2026-08-23T20:44:45Z</time></trkpt><trkpt lat="52.227608" lon="-114.644544"><ele>995.31318359375</ele><time>2026-08-23T20:44:46Z</time></trkpt><trkpt lat="52.22779" lon="-114.644545"><ele>995.161083984375</ele><time>2026-08-23T20:45:01Z</time></trkpt><trkpt lat="52.227801" lon="-114.644547"><ele>995.1829345703125</ele><time>2026-08-23T20:45:02Z</time></trkpt><trkpt lat="52.227906" lon="-114.644549"><ele>994.901806640625</ele><time>2026-08-23T20:45:11Z</time></trkpt><trkpt lat="52.227989" lon="-114.644539"><ele>994.609326171875</ele><time>2026-08-23T20:45:18Z</time></trkpt><trkpt lat="52.228002" lon="-114.644539"><ele>994.8283203125</ele><time>2026-08-23T20:45:19Z</time></trkpt><trkpt lat="52.228091" lon="-114.644531"><ele>995.198681640625</ele><time>2026-08-23T20:45:27Z</time></trkpt></trkseg><trkseg><trkpt lat="52.228079" lon="-114.644543"><ele>991.32880859375</ele><time>2026-08-23T20:45:41Z</time></trkpt><trkpt lat="52.228107" lon="-114.644552"><ele>990.31953125</ele><time>2026-08-23T20:45:43Z</time></trkpt><trkpt lat="52.228257" lon="-114.644542"><ele>993.945263671875</ele><time>2026-08-23T20:45:55Z</time></trkpt><trkpt lat="52.22827" lon="-114.64454"><ele>994.169140625</ele><time>2026-08-23T20:45:56Z</time></trkpt><trkpt lat="52.228458" lon="-114.644538"><ele>995.51875</ele><time>2026-08-23T20:46:10Z</time></trkpt><trkpt lat="52.228472" lon="-114.644538"><ele>995.557080078125</ele><time>2026-08-23T20:46:11Z</time></trkpt><trkpt lat="52.228621" lon="-114.644532"><ele>995.299267578125</ele><time>2026-08-23T20:46:22Z</time></trkpt><trkpt lat="52.228636" lon="-114.644534"><ele>995.337353515625</ele><time>2026-08-23T20:46:23Z</time></trkpt><trkpt lat="52.22881" lon="-114.644532"><ele>994.679150390625</ele><time>2026-08-23T20:46:36Z</time></trkpt><trkpt lat="52.228823" lon="-114.644534"><ele>994.798779296875</ele><time>2026-08-23T20:46:37Z</time></trkpt><trkpt lat="52.229" lon="-114.644537"><ele>994.433056640625</ele><time>2026-08-23T20:46:51Z</time></trkpt><trkpt lat="52.229013" lon="-114.644537"><ele>994.579541015625</ele><time>2026-08-23T20:46:52Z</time></trkpt><trkpt lat="52.229074" lon="-114.644544"><ele>994.847607421875</ele><time>2026-08-23T20:46:57Z</time></trkpt><trkpt lat="52.229205" lon="-114.644536"><ele>994.821484375</ele><time>2026-08-23T20:47:08Z</time></trkpt><trkpt lat="52.229216" lon="-114.644536"><ele>994.7010009765625</ele><time>2026-08-23T20:47:09Z</time></trkpt><trkpt lat="52.229409" lon="-114.644542"><ele>995.102001953125</ele><time>2026-08-23T20:47:24Z</time></trkpt><trkpt lat="52.229423" lon="-114.644541"><ele>994.93232421875</ele><time>2026-08-23T20:47:25Z</time></trkpt><trkpt lat="52.22957" lon="-114.644548"><ele>994.6236083984375</ele><time>2026-08-23T20:47:36Z</time></trkpt><trkpt lat="52.229582" lon="-114.644549"><ele>994.3552978515625</ele><time>2026-08-23T20:47:37Z</time></trkpt><trkpt lat="52.229781" lon="-114.644546"><ele>994.063916015625</ele><time>2026-08-23T20:47:53Z</time></trkpt><trkpt lat="52.229795" lon="-114.644546"><ele>993.9986083984375</ele><time>2026-08-23T20:47:54Z</time></trkpt><trkpt lat="52.229977" lon="-114.644548"><ele>993.16962890625</ele><time>2026-08-23T20:48:09Z</time></trkpt><trkpt lat="52.22999" lon="-114.644546"><ele>993.221630859375</ele><time>2026-08-23T20:48:10Z</time></trkpt><trkpt lat="52.230001" lon="-114.644544"><ele>993.226513671875</ele><time>2026-08-23T20:48:11Z</time></trkpt></trkseg><trkseg><trkpt lat="52.230005" lon="-114.644547"><ele>995.216259765625</ele><time>2026-08-23T20:48:39Z</time></trkpt><trkpt lat="52.23003" lon="-114.644554"><ele>994.8966796875</ele><time>2026-08-23T20:48:43Z</time></trkpt><trkpt lat="52.230182" lon="-114.644542"><ele>994.6958740234375</ele><time>2026-08-23T20:48:57Z</time></trkpt><trkpt lat="52.230193" lon="-114.644541"><ele>994.79658203125</ele><time>2026-08-23T20:48:58Z</time></trkpt><trkpt lat="52.230378" lon="-114.644526"><ele>995.380322265625</ele><time>2026-08-23T20:49:14Z</time></trkpt><trkpt lat="52.23039" lon="-114.644525"><ele>995.4409912109375</ele><time>2026-08-23T20:49:15Z</time></trkpt><trkpt lat="52.230498" lon="-114.644524"><ele>995.706005859375</ele><time>2026-08-23T20:49:24Z</time></trkpt><trkpt lat="52.230543" lon="-114.644539"><ele>994.860546875</ele><time>2026-08-23T20:49:28Z</time></trkpt><trkpt lat="52.230578" lon="-114.644536"><ele>994.397412109375</ele><time>2026-08-23T20:49:31Z</time></trkpt><trkpt lat="52.230589" lon="-114.644537"><ele>994.7229736328125</ele><time>2026-08-23T20:49:32Z</time></trkpt><trkpt lat="52.230662" lon="-114.644548"><ele>995.121533203125</ele><time>2026-08-23T20:49:40Z</time></trkpt></trkseg><trkseg><trkpt lat="52.230641" lon="-114.644532"><ele>988.48017578125</ele><time>2026-08-23T20:50:02Z</time></trkpt><trkpt lat="52.23082" lon="-114.644545"><ele>992.768017578125</ele><time>2026-08-23T20:50:16Z</time></trkpt><trkpt lat="52.230832" lon="-114.644545"><ele>992.72626953125</ele><time>2026-08-23T20:50:17Z</time></trkpt><trkpt lat="52.231015" lon="-114.644538"><ele>992.68818359375</ele><time>2026-08-23T20:50:33Z</time></trkpt><trkpt lat="52.231027" lon="-114.644537"><ele>992.75361328125</ele><time>2026-08-23T20:50:34Z</time></trkpt><trkpt lat="52.231211" lon="-114.644535"><ele>992.846142578125</ele><time>2026-08-23T20:50:50Z</time></trkpt><trkpt lat="52.231223" lon="-114.644535"><ele>992.579296875</ele><time>2026-08-23T20:50:51Z</time></trkpt><trkpt lat="52.231337" lon="-114.644537"><ele>992.532421875</ele><time>2026-08-23T20:51:00Z</time></trkpt><trkpt lat="52.231422" lon="-114.644549"><ele>991.7349365234375</ele><time>2026-08-23T20:51:07Z</time></trkpt><trkpt lat="52.231434" lon="-114.644547"><ele>991.609326171875</ele><time>2026-08-23T20:51:08Z</time></trkpt><trkpt lat="52.231536" lon="-114.644543"><ele>990.74970703125</ele><time>2026-08-23T20:51:17Z</time></trkpt><trkpt lat="52.231572" lon="-114.644571"><ele>987.962109375</ele><time>2026-08-23T20:51:20Z</time></trkpt><trkpt lat="52.231573" lon="-114.644599"><ele>987.03193359375</ele><time>2026-08-23T20:51:21Z</time></trkpt><trkpt lat="52.23157" lon="-114.644614"><ele>987.83125</ele><time>2026-08-23T20:51:22Z</time></trkpt><trkpt lat="52.23155" lon="-114.644704"><ele>988.684521484375</ele><time>2026-08-23T20:51:30Z</time></trkpt><trkpt lat="52.231552" lon="-114.644893"><ele>988.37666015625</ele><time>2026-08-23T20:51:43Z</time></trkpt><trkpt lat="52.231551" lon="-114.64491"><ele>988.2365234375</ele><time>2026-08-23T20:51:44Z</time></trkpt><trkpt lat="52.231556" lon="-114.645175"><ele>988.2959716796875</ele><time>2026-08-23T20:52:00Z</time></trkpt><trkpt lat="52.231557" lon="-114.645193"><ele>988.549267578125</ele><time>2026-08-23T20:52:01Z</time></trkpt><trkpt lat="52.231551" lon="-114.645248"><ele>988.4834716796875</ele><time>2026-08-23T20:52:04Z</time></trkpt><trkpt lat="52.231561" lon="-114.645317"><ele>988.417919921875</ele><time>2026-08-23T20:52:08Z</time></trkpt><trkpt lat="52.231563" lon="-114.645492"><ele>988.666455078125</ele><time>2026-08-23T20:52:17Z</time></trkpt><trkpt lat="52.231562" lon="-114.64551"><ele>988.64423828125</ele><time>2026-08-23T20:52:18Z</time></trkpt><trkpt lat="52.231566" lon="-114.6458"><ele>988.410107421875</ele><time>2026-08-23T20:52:34Z</time></trkpt><trkpt lat="52.231566" lon="-114.645818"><ele>988.331005859375</ele><time>2026-08-23T20:52:35Z</time></trkpt><trkpt lat="52.231578" lon="-114.645955"><ele>988.2044189453125</ele><time>2026-08-23T20:52:42Z</time></trkpt><trkpt lat="52.231571" lon="-114.646121"><ele>989.513623046875</ele><time>2026-08-23T20:52:51Z</time></trkpt><trkpt lat="52.231573" lon="-114.646136"><ele>989.59931640625</ele><time>2026-08-23T20:52:52Z</time></trkpt><trkpt lat="52.231567" lon="-114.646227"><ele>989.8286865234375</ele><time>2026-08-23T20:52:57Z</time></trkpt><trkpt lat="52.231577" lon="-114.646402"><ele>990.835888671875</ele><time>2026-08-23T20:53:06Z</time></trkpt><trkpt lat="52.231577" lon="-114.646422"><ele>991.0286376953125</ele><time>2026-08-23T20:53:07Z</time></trkpt><trkpt lat="52.231576" lon="-114.646728"><ele>991.4673583984375</ele><time>2026-08-23T20:53:23Z</time></trkpt><trkpt lat="52.231576" lon="-114.646744"><ele>991.41181640625</ele><time>2026-08-23T20:53:24Z</time></trkpt><trkpt lat="52.231579" lon="-114.646867"><ele>991.4611328125</ele><time>2026-08-23T20:53:31Z</time></trkpt><trkpt lat="52.231592" lon="-114.64694"><ele>991.52119140625</ele><time>2026-08-23T20:53:37Z</time></trkpt><trkpt lat="52.231589" lon="-114.647027"><ele>991.639599609375</ele><time>2026-08-23T20:53:59Z</time></trkpt><trkpt lat="52.231587" lon="-114.647042"><ele>991.795361328125</ele><time>2026-08-23T20:54:00Z</time></trkpt><trkpt lat="52.231567" lon="-114.64712"><ele>993.267041015625</ele><time>2026-08-23T20:54:27Z</time></trkpt><trkpt lat="52.231573" lon="-114.647272"><ele>993.19892578125</ele><time>2026-08-23T20:54:33Z</time></trkpt><trkpt lat="52.231573" lon="-114.647299"><ele>993.249951171875</ele><time>2026-08-23T20:54:34Z</time></trkpt><trkpt lat="52.231571" lon="-114.64761"><ele>991.63642578125</ele><time>2026-08-23T20:54:43Z</time></trkpt><trkpt lat="52.231572" lon="-114.647647"><ele>991.66865234375</ele><time>2026-08-23T20:54:44Z</time></trkpt><trkpt lat="52.231585" lon="-114.648016"><ele>991.315625</ele><time>2026-08-23T20:54:53Z</time></trkpt><trkpt lat="52.231586" lon="-114.648059"><ele>991.296826171875</ele><time>2026-08-23T20:54:54Z</time></trkpt><trkpt lat="52.231591" lon="-114.648418"><ele>992.1035888671875</ele><time>2026-08-23T20:55:03Z</time></trkpt><trkpt lat="52.231592" lon="-114.648456"><ele>992.234814453125</ele><time>2026-08-23T20:55:04Z</time></trkpt><trkpt lat="52.231596" lon="-114.648843"><ele>993.12666015625</ele><time>2026-08-23T20:55:13Z</time></trkpt><trkpt lat="52.231597" lon="-114.648889"><ele>993.26630859375</ele><time>2026-08-23T20:55:14Z</time></trkpt><trkpt lat="52.231602" lon="-114.649287"><ele>994.26240234375</ele><time>2026-08-23T20:55:26Z</time></trkpt><trkpt lat="52.231602" lon="-114.649332"><ele>994.275830078125</ele><time>2026-08-23T20:55:27Z</time></trkpt><trkpt lat="52.231608" lon="-114.649724"><ele>994.110791015625</ele><time>2026-08-23T20:55:36Z</time></trkpt><trkpt lat="52.231607" lon="-114.649769"><ele>993.845166015625</ele><time>2026-08-23T20:55:37Z</time></trkpt><trkpt lat="52.231599" lon="-114.649852"><ele>992.671337890625</ele><time>2026-08-23T20:55:42Z</time></trkpt></trkseg><trkseg><trkpt lat="52.231606" lon="-114.649847"><ele>991.9824951171875</ele><time>2026-08-23T20:55:59Z</time></trkpt><trkpt lat="52.23161" lon="-114.650118"><ele>992.739453125</ele><time>2026-08-23T20:56:11Z</time></trkpt><trkpt lat="52.23161" lon="-114.65015"><ele>992.591259765625</ele><time>2026-08-23T20:56:12Z</time></trkpt><trkpt lat="52.231612" lon="-114.650483"><ele>992.74140625</ele><time>2026-08-23T20:56:21Z</time></trkpt><trkpt lat="52.231612" lon="-114.650524"><ele>992.83857421875</ele><time>2026-08-23T20:56:22Z</time></trkpt><trkpt lat="52.231617" lon="-114.650918"><ele>992.55537109375</ele><time>2026-08-23T20:56:31Z</time></trkpt><trkpt lat="52.231617" lon="-114.650955"><ele>992.606640625</ele><time>2026-08-23T20:56:32Z</time></trkpt><trkpt lat="52.231625" lon="-114.651319"><ele>993.29462890625</ele><time>2026-08-23T20:56:41Z</time></trkpt><trkpt lat="52.231624" lon="-114.65136"><ele>993.217236328125</ele><time>2026-08-23T20:56:42Z</time></trkpt><trkpt lat="52.231624" lon="-114.651673"><ele>993.5470703125</ele><time>2026-08-23T20:56:51Z</time></trkpt><trkpt lat="52.231623" lon="-114.651698"><ele>993.513134765625</ele><time>2026-08-23T20:56:52Z</time></trkpt><trkpt lat="52.231617" lon="-114.651757"><ele>992.99482421875</ele><time>2026-08-23T20:57:06Z</time></trkpt><trkpt lat="52.231629" lon="-114.651824"><ele>991.7681396484375</ele><time>2026-08-23T20:57:10Z</time></trkpt><trkpt lat="52.231616" lon="-114.651919"><ele>990.5867431640625</ele><time>2026-08-23T20:57:16Z</time></trkpt><trkpt lat="52.231621" lon="-114.651974"><ele>990.398388671875</ele><time>2026-08-23T20:57:19Z</time></trkpt><trkpt lat="52.23162" lon="-114.651993"><ele>990.603466796875</ele><time>2026-08-23T20:57:20Z</time></trkpt><trkpt lat="52.23162" lon="-114.652289"><ele>988.514599609375</ele><time>2026-08-23T20:57:36Z</time></trkpt><trkpt lat="52.231621" lon="-114.652309"><ele>988.43818359375</ele><time>2026-08-23T20:57:37Z</time></trkpt><trkpt lat="52.231626" lon="-114.652427"><ele>988.950634765625</ele><time>2026-08-23T20:57:44Z</time></trkpt><trkpt lat="52.231654" lon="-114.652443"><ele>988.969189453125</ele><time>2026-08-23T20:57:45Z</time></trkpt><trkpt lat="52.231652" lon="-114.652533"><ele>987.3537109375</ele><time>2026-08-23T20:58:06Z</time></trkpt><trkpt lat="52.23165" lon="-114.652552"><ele>987.22333984375</ele><time>2026-08-23T20:58:07Z</time></trkpt><trkpt lat="52.231639" lon="-114.652858"><ele>986.9268310546875</ele><time>2026-08-23T20:58:23Z</time></trkpt><trkpt lat="52.231638" lon="-114.652879"><ele>987.1712158203125</ele><time>2026-08-23T20:58:24Z</time></trkpt><trkpt lat="52.231626" lon="-114.653183"><ele>987.497998046875</ele><time>2026-08-23T20:58:39Z</time></trkpt><trkpt lat="52.231627" lon="-114.653204"><ele>987.2801025390625</ele><time>2026-08-23T20:58:40Z</time></trkpt><trkpt lat="52.231625" lon="-114.653501"><ele>986.462841796875</ele><time>2026-08-23T20:58:55Z</time></trkpt><trkpt lat="52.231625" lon="-114.653519"><ele>986.344189453125</ele><time>2026-08-23T20:58:56Z</time></trkpt><trkpt lat="52.231629" lon="-114.65369"><ele>985.892529296875</ele><time>2026-08-23T20:59:07Z</time></trkpt><trkpt lat="52.231608" lon="-114.653802"><ele>986.47333984375</ele><time>2026-08-23T20:59:12Z</time></trkpt><trkpt lat="52.231613" lon="-114.653792"><ele>985.7775390625</ele><time>2026-08-23T20:59:13Z</time></trkpt><trkpt lat="52.231613" lon="-114.653792"><ele>985.7775390625</ele><time>2026-08-23T20:59:13Z</time></trkpt></trkseg><trkseg><trkpt lat="52.231601" lon="-114.65377"><ele>988.34638671875</ele><time>2026-08-23T21:03:58Z</time></trkpt><trkpt lat="52.2316" lon="-114.653763"><ele>988.41083984375</ele><time>2026-08-23T21:03:59Z</time></trkpt><trkpt lat="52.231604" lon="-114.65387"><ele>988.03681640625</ele><time>2026-08-23T21:04:07Z</time></trkpt><trkpt lat="52.231614" lon="-114.653907"><ele>987.450634765625</ele><time>2026-08-23T21:04:19Z</time></trkpt><trkpt lat="52.231601" lon="-114.65404"><ele>987.281201171875</ele><time>2026-08-23T21:04:31Z</time></trkpt><trkpt lat="52.2316" lon="-114.654059"><ele>987.238232421875</ele><time>2026-08-23T21:04:32Z</time></trkpt><trkpt lat="52.231597" lon="-114.654293"><ele>987.024853515625</ele><time>2026-08-23T21:04:43Z</time></trkpt><trkpt lat="52.231595" lon="-114.654309"><ele>987.1453369140625</ele><time>2026-08-23T21:04:44Z</time></trkpt><trkpt lat="52.231581" lon="-114.65443"><ele>988.4229248046875</ele><time>2026-08-23T21:04:51Z</time></trkpt><trkpt lat="52.231588" lon="-114.654495"><ele>988.173779296875</ele><time>2026-08-23T21:04:54Z</time></trkpt><trkpt lat="52.231567" lon="-114.654578"><ele>988.7920654296875</ele><time>2026-08-23T21:04:59Z</time></trkpt><trkpt lat="52.23156" lon="-114.654604"><ele>988.935009765625</ele><time>2026-08-23T21:05:00Z</time></trkpt><trkpt lat="52.231567" lon="-114.654861"><ele>987.9669921875</ele><time>2026-08-23T21:05:11Z</time></trkpt><trkpt lat="52.231567" lon="-114.654882"><ele>988.0410888671875</ele><time>2026-08-23T21:05:12Z</time></trkpt><trkpt lat="52.231573" lon="-114.655"><ele>987.695263671875</ele><time>2026-08-23T21:05:16Z</time></trkpt><trkpt lat="52.231566" lon="-114.655146"><ele>988.1817138671875</ele><time>2026-08-23T21:05:21Z</time></trkpt><trkpt lat="52.231566" lon="-114.655175"><ele>987.8958251953125</ele><time>2026-08-23T21:05:22Z</time></trkpt><trkpt lat="52.231564" lon="-114.655422"><ele>988.200146484375</ele><time>2026-08-23T21:05:31Z</time></trkpt><trkpt lat="52.231563" lon="-114.65544"><ele>988.285107421875</ele><time>2026-08-23T21:05:32Z</time></trkpt><trkpt lat="52.231581" lon="-114.655721"><ele>988.434765625</ele><time>2026-08-23T21:05:46Z</time></trkpt><trkpt lat="52.23158" lon="-114.655736"><ele>988.6306884765625</ele><time>2026-08-23T21:05:47Z</time></trkpt><trkpt lat="52.231574" lon="-114.65582"><ele>988.56904296875</ele><time>2026-08-23T21:05:50Z</time></trkpt><trkpt lat="52.231555" lon="-114.655864"><ele>988.9737060546875</ele><time>2026-08-23T21:05:52Z</time></trkpt><trkpt lat="52.231536" lon="-114.655872"><ele>988.897900390625</ele><time>2026-08-23T21:05:53Z</time></trkpt><trkpt lat="52.231483" lon="-114.655867"><ele>988.96748046875</ele><time>2026-08-23T21:05:57Z</time></trkpt><trkpt lat="52.231481" lon="-114.655864"><ele>988.43525390625</ele><time>2026-08-23T21:05:58Z</time></trkpt><trkpt lat="52.231481" lon="-114.655857"><ele>988.420849609375</ele><time>2026-08-23T21:05:59Z</time></trkpt><trkpt lat="52.231427" lon="-114.655852"><ele>988.2083251953125</ele><time>2026-08-23T21:06:33Z</time></trkpt><trkpt lat="52.231343" lon="-114.655866"><ele>988.6857421875</ele><time>2026-08-23T21:06:38Z</time></trkpt><trkpt lat="52.231324" lon="-114.655863"><ele>988.7901123046875</ele><time>2026-08-23T21:06:39Z</time></trkpt><trkpt lat="52.231153" lon="-114.655874"><ele>988.625927734375</ele><time>2026-08-23T21:06:48Z</time></trkpt><trkpt lat="52.23113" lon="-114.655875"><ele>988.509716796875</ele><time>2026-08-23T21:06:49Z</time></trkpt><trkpt lat="52.230971" lon="-114.655887"><ele>988.6729248046875</ele><time>2026-08-23T21:07:02Z</time></trkpt><trkpt lat="52.230963" lon="-114.655887"><ele>988.555126953125</ele><time>2026-08-23T21:07:03Z</time></trkpt><trkpt lat="52.230818" lon="-114.655896"><ele>988.60419921875</ele><time>2026-08-23T21:07:19Z</time></trkpt><trkpt lat="52.230804" lon="-114.655898"><ele>988.6455810546875</ele><time>2026-08-23T21:07:20Z</time></trkpt><trkpt lat="52.230645" lon="-114.655901"><ele>987.93818359375</ele><time>2026-08-23T21:07:29Z</time></trkpt><trkpt lat="52.23063" lon="-114.655901"><ele>987.963330078125</ele><time>2026-08-23T21:07:30Z</time></trkpt><trkpt lat="52.230506" lon="-114.655905"><ele>988.0406005859375</ele><time>2026-08-23T21:07:37Z</time></trkpt><trkpt lat="52.230469" lon="-114.65592"><ele>987.49091796875</ele><time>2026-08-23T21:07:39Z</time></trkpt><trkpt lat="52.230451" lon="-114.655923"><ele>987.233349609375</ele><time>2026-08-23T21:07:40Z</time></trkpt><trkpt lat="52.230296" lon="-114.655923"><ele>987.3272216796875</ele><time>2026-08-23T21:07:49Z</time></trkpt><trkpt lat="52.230277" lon="-114.655923"><ele>987.4478271484375</ele><time>2026-08-23T21:07:50Z</time></trkpt><trkpt lat="52.23011" lon="-114.65593"><ele>987.4314697265625</ele><time>2026-08-23T21:07:59Z</time></trkpt><trkpt lat="52.23009" lon="-114.655929"><ele>987.420361328125</ele><time>2026-08-23T21:08:00Z</time></trkpt><trkpt lat="52.23003" lon="-114.655925"><ele>987.43037109375</ele><time>2026-08-23T21:08:03Z</time></trkpt><trkpt lat="52.229917" lon="-114.65594"><ele>987.4463623046875</ele><time>2026-08-23T21:08:09Z</time></trkpt><trkpt lat="52.2299" lon="-114.655941"><ele>987.229443359375</ele><time>2026-08-23T21:08:10Z</time></trkpt><trkpt lat="52.229722" lon="-114.655938"><ele>987.2957275390625</ele><time>2026-08-23T21:08:20Z</time></trkpt><trkpt lat="52.229705" lon="-114.65594"><ele>987.368603515625</ele><time>2026-08-23T21:08:21Z</time></trkpt><trkpt lat="52.22964" lon="-114.65595"><ele>987.3863037109375</ele><time>2026-08-23T21:08:25Z</time></trkpt><trkpt lat="52.229549" lon="-114.655944"><ele>987.9337890625</ele><time>2026-08-23T21:08:30Z</time></trkpt><trkpt lat="52.229528" lon="-114.655944"><ele>987.9544189453125</ele><time>2026-08-23T21:08:31Z</time></trkpt><trkpt lat="52.229338" lon="-114.655959"><ele>988.019970703125</ele><time>2026-08-23T21:08:40Z</time></trkpt><trkpt lat="52.229318" lon="-114.655958"><ele>988.0012939453125</ele><time>2026-08-23T21:08:41Z</time></trkpt><trkpt lat="52.229156" lon="-114.655968"><ele>988.365185546875</ele><time>2026-08-23T21:08:50Z</time></trkpt><trkpt lat="52.229138" lon="-114.655969"><ele>988.504345703125</ele><time>2026-08-23T21:08:51Z</time></trkpt><trkpt lat="52.229084" lon="-114.655973"><ele>988.377392578125</ele><time>2026-08-23T21:08:54Z</time></trkpt><trkpt lat="52.229034" lon="-114.65595"><ele>988.3263671875</ele><time>2026-08-23T21:08:57Z</time></trkpt><trkpt lat="52.228977" lon="-114.655977"><ele>988.7503173828125</ele><time>2026-08-23T21:09:00Z</time></trkpt><trkpt lat="52.228957" lon="-114.655973"><ele>989.01728515625</ele><time>2026-08-23T21:09:01Z</time></trkpt><trkpt lat="52.2289" lon="-114.655962"><ele>989.09638671875</ele><time>2026-08-23T21:09:04Z</time></trkpt><trkpt lat="52.228795" lon="-114.655977"><ele>989.1065185546875</ele><time>2026-08-23T21:09:10Z</time></trkpt><trkpt lat="52.228787" lon="-114.655978"><ele>989.170849609375</ele><time>2026-08-23T21:09:11Z</time></trkpt><trkpt lat="52.228642" lon="-114.655989"><ele>989.2658203125</ele><time>2026-08-23T21:09:21Z</time></trkpt><trkpt lat="52.228625" lon="-114.655991"><ele>989.142529296875</ele><time>2026-08-23T21:09:22Z</time></trkpt><trkpt lat="52.228447" lon="-114.656"><ele>988.54755859375</ele><time>2026-08-23T21:09:31Z</time></trkpt><trkpt lat="52.228423" lon="-114.656002"><ele>988.503857421875</ele><time>2026-08-23T21:09:32Z</time></trkpt><trkpt lat="52.22824" lon="-114.656012"><ele>988.75654296875</ele><time>2026-08-23T21:09:41Z</time></trkpt><trkpt lat="52.228219" lon="-114.65601"><ele>988.751416015625</ele><time>2026-08-23T21:09:42Z</time></trkpt><trkpt lat="52.228066" lon="-114.656019"><ele>988.709912109375</ele><time>2026-08-23T21:09:49Z</time></trkpt><trkpt lat="52.228022" lon="-114.656034"><ele>987.6299560546875</ele><time>2026-08-23T21:09:51Z</time></trkpt><trkpt lat="52.228" lon="-114.656037"><ele>987.7453125</ele><time>2026-08-23T21:09:52Z</time></trkpt><trkpt lat="52.227814" lon="-114.656044"><ele>988.1388671875</ele><time>2026-08-23T21:10:01Z</time></trkpt><trkpt lat="52.227795" lon="-114.656043"><ele>988.308056640625</ele><time>2026-08-23T21:10:02Z</time></trkpt><trkpt lat="52.227629" lon="-114.656048"><ele>988.8341796875</ele><time>2026-08-23T21:10:11Z</time></trkpt><trkpt lat="52.227608" lon="-114.656048"><ele>988.8728759765625</ele><time>2026-08-23T21:10:12Z</time></trkpt><trkpt lat="52.227508" lon="-114.656043"><ele>988.9572265625</ele><time>2026-08-23T21:10:17Z</time></trkpt><trkpt lat="52.22742" lon="-114.656051"><ele>988.989697265625</ele><time>2026-08-23T21:10:21Z</time></trkpt><trkpt lat="52.2274" lon="-114.656051"><ele>988.9051025390625</ele><time>2026-08-23T21:10:22Z</time></trkpt><trkpt lat="52.227202" lon="-114.656059"><ele>989.2239501953125</ele><time>2026-08-23T21:10:31Z</time></trkpt><trkpt lat="52.227184" lon="-114.65606"><ele>989.205517578125</ele><time>2026-08-23T21:10:32Z</time></trkpt><trkpt lat="52.227122" lon="-114.656068"><ele>989.2637451171875</ele><time>2026-08-23T21:10:35Z</time></trkpt><trkpt lat="52.2271" lon="-114.656085"><ele>988.1482666015625</ele><time>2026-08-23T21:10:36Z</time></trkpt><trkpt lat="52.226981" lon="-114.656086"><ele>988.28779296875</ele><time>2026-08-23T21:10:41Z</time></trkpt><trkpt lat="52.226956" lon="-114.656083"><ele>988.3440673828125</ele><time>2026-08-23T21:10:42Z</time></trkpt><trkpt lat="52.22684" lon="-114.656085"><ele>988.2090576171875</ele><time>2026-08-23T21:10:47Z</time></trkpt><trkpt lat="52.226736" lon="-114.656099"><ele>988.29658203125</ele><time>2026-08-23T21:10:51Z</time></trkpt><trkpt lat="52.22671" lon="-114.656099"><ele>988.5325439453125</ele><time>2026-08-23T21:10:52Z</time></trkpt><trkpt lat="52.226472" lon="-114.65611"><ele>988.15791015625</ele><time>2026-08-23T21:11:01Z</time></trkpt><trkpt lat="52.226443" lon="-114.656114"><ele>988.164013671875</ele><time>2026-08-23T21:11:02Z</time></trkpt><trkpt lat="52.226212" lon="-114.656117"><ele>988.65595703125</ele><time>2026-08-23T21:11:11Z</time></trkpt><trkpt lat="52.226188" lon="-114.656113"><ele>988.782666015625</ele><time>2026-08-23T21:11:12Z</time></trkpt><trkpt lat="52.226082" lon="-114.65611"><ele>989.84541015625</ele><time>2026-08-23T21:11:17Z</time></trkpt><trkpt lat="52.226003" lon="-114.656123"><ele>988.8535888671875</ele><time>2026-08-23T21:11:21Z</time></trkpt><trkpt lat="52.225979" lon="-114.65613"><ele>988.587841796875</ele><time>2026-08-23T21:11:22Z</time></trkpt><trkpt lat="52.22594" lon="-114.656148"><ele>988.5037353515625</ele><time>2026-08-23T21:11:24Z</time></trkpt><trkpt lat="52.225879" lon="-114.656157"><ele>988.5196044921875</ele><time>2026-08-23T21:11:27Z</time></trkpt><trkpt lat="52.225805" lon="-114.656149"><ele>989.380078125</ele><time>2026-08-23T21:11:31Z</time></trkpt><trkpt lat="52.225786" lon="-114.656144"><ele>989.6084716796875</ele><time>2026-08-23T21:11:32Z</time></trkpt><trkpt lat="52.225584" lon="-114.656152"><ele>989.7820556640625</ele><time>2026-08-23T21:11:41Z</time></trkpt><trkpt lat="52.225561" lon="-114.656151"><ele>989.5967529296875</ele><time>2026-08-23T21:11:42Z</time></trkpt><trkpt lat="52.225378" lon="-114.656144"><ele>991.05</ele><time>2026-08-23T21:11:51Z</time></trkpt><trkpt lat="52.225358" lon="-114.65615"><ele>990.528515625</ele><time>2026-08-23T21:11:52Z</time></trkpt><trkpt lat="52.225158" lon="-114.656176"><ele>990.2541015625</ele><time>2026-08-23T21:12:01Z</time></trkpt><trkpt lat="52.225133" lon="-114.656172"><ele>990.514111328125</ele><time>2026-08-23T21:12:02Z</time></trkpt><trkpt lat="52.225095" lon="-114.656182"><ele>992.0308349609375</ele><time>2026-08-23T21:12:04Z</time></trkpt><trkpt lat="52.22497" lon="-114.65618"><ele>991.358837890625</ele><time>2026-08-23T21:12:12Z</time></trkpt><trkpt lat="52.224956" lon="-114.656178"><ele>991.17841796875</ele><time>2026-08-23T21:12:13Z</time></trkpt><trkpt lat="52.224774" lon="-114.656189"><ele>992.1792724609375</ele><time>2026-08-23T21:12:22Z</time></trkpt><trkpt lat="52.224751" lon="-114.656188"><ele>991.865185546875</ele><time>2026-08-23T21:12:23Z</time></trkpt><trkpt lat="52.224542" lon="-114.656205"><ele>993.0940673828125</ele><time>2026-08-23T21:12:32Z</time></trkpt><trkpt lat="52.224516" lon="-114.656201"><ele>992.68232421875</ele><time>2026-08-23T21:12:33Z</time></trkpt><trkpt lat="52.22432" lon="-114.656198"><ele>992.6006591796875</ele><time>2026-08-23T21:12:42Z</time></trkpt><trkpt lat="52.224304" lon="-114.656202"><ele>992.6006591796875</ele><time>2026-08-23T21:12:43Z</time></trkpt><trkpt lat="52.224119" lon="-114.656215"><ele>993.2952392578125</ele><time>2026-08-23T21:12:52Z</time></trkpt><trkpt lat="52.224098" lon="-114.65622"><ele>992.976025390625</ele><time>2026-08-23T21:12:53Z</time></trkpt><trkpt lat="52.223968" lon="-114.656224"><ele>991.578076171875</ele><time>2026-08-23T21:13:00Z</time></trkpt><trkpt lat="52.223941" lon="-114.656186"><ele>991.5728271484375</ele><time>2026-08-23T21:13:02Z</time></trkpt><trkpt lat="52.223937" lon="-114.656165"><ele>991.6828125</ele><time>2026-08-23T21:13:03Z</time></trkpt><trkpt lat="52.22394" lon="-114.656154"><ele>991.7417724609375</ele><time>2026-08-23T21:13:04Z</time></trkpt><trkpt lat="52.223954" lon="-114.65616"><ele>991.71455078125</ele><time>2026-08-23T21:13:07Z</time></trkpt></trkseg><trkseg><trkpt lat="52.223948" lon="-114.656177"><ele>991.4806640625</ele><time>2026-08-23T21:13:25Z</time></trkpt><trkpt lat="52.223941" lon="-114.656121"><ele>991.151806640625</ele><time>2026-08-23T21:13:31Z</time></trkpt><trkpt lat="52.223946" lon="-114.655912"><ele>991.25166015625</ele><time>2026-08-23T21:13:38Z</time></trkpt><trkpt lat="52.223947" lon="-114.655885"><ele>991.2736328125</ele><time>2026-08-23T21:13:39Z</time></trkpt><trkpt lat="52.223951" lon="-114.655622"><ele>991.176708984375</ele><time>2026-08-23T21:13:48Z</time></trkpt><trkpt lat="52.223952" lon="-114.655588"><ele>991.464794921875</ele><time>2026-08-23T21:13:49Z</time></trkpt><trkpt lat="52.223958" lon="-114.655279"><ele>990.743603515625</ele><time>2026-08-23T21:13:58Z</time></trkpt><trkpt lat="52.223957" lon="-114.655248"><ele>990.3830078125</ele><time>2026-08-23T21:13:59Z</time></trkpt><trkpt lat="52.223959" lon="-114.654956"><ele>989.19794921875</ele><time>2026-08-23T21:14:08Z</time></trkpt><trkpt lat="52.223958" lon="-114.654921"><ele>989.00556640625</ele><time>2026-08-23T21:14:09Z</time></trkpt><trkpt lat="52.223955" lon="-114.654614"><ele>989.9536865234375</ele><time>2026-08-23T21:14:18Z</time></trkpt><trkpt lat="52.223954" lon="-114.654581"><ele>989.755810546875</ele><time>2026-08-23T21:14:19Z</time></trkpt><trkpt lat="52.223957" lon="-114.654302"><ele>990.135693359375</ele><time>2026-08-23T21:14:28Z</time></trkpt><trkpt lat="52.223955" lon="-114.654282"><ele>990.0032470703125</ele><time>2026-08-23T21:14:29Z</time></trkpt><trkpt lat="52.223945" lon="-114.654177"><ele>989.265576171875</ele><time>2026-08-23T21:14:32Z</time></trkpt><trkpt lat="52.223951" lon="-114.653985"><ele>989.1837890625</ele><time>2026-08-23T21:14:38Z</time></trkpt><trkpt lat="52.223947" lon="-114.653957"><ele>988.95869140625</ele><time>2026-08-23T21:14:39Z</time></trkpt><trkpt lat="52.223955" lon="-114.653708"><ele>989.525341796875</ele><time>2026-08-23T21:14:48Z</time></trkpt><trkpt lat="52.223958" lon="-114.653673"><ele>989.10908203125</ele><time>2026-08-23T21:14:49Z</time></trkpt><trkpt lat="52.223963" lon="-114.6534"><ele>988.542431640625</ele><time>2026-08-23T21:14:58Z</time></trkpt><trkpt lat="52.223962" lon="-114.653369"><ele>988.541455078125</ele><time>2026-08-23T21:14:59Z</time></trkpt><trkpt lat="52.223962" lon="-114.653093"><ele>989.4204833984375</ele><time>2026-08-23T21:15:09Z</time></trkpt><trkpt lat="52.223962" lon="-114.653061"><ele>989.26044921875</ele><time>2026-08-23T21:15:10Z</time></trkpt><trkpt lat="52.22398" lon="-114.652771"><ele>988.63935546875</ele><time>2026-08-23T21:15:19Z</time></trkpt><trkpt lat="52.223979" lon="-114.65274"><ele>988.36689453125</ele><time>2026-08-23T21:15:20Z</time></trkpt><trkpt lat="52.223976" lon="-114.652561"><ele>988.44599609375</ele><time>2026-08-23T21:15:26Z</time></trkpt><trkpt lat="52.223984" lon="-114.652467"><ele>988.20673828125</ele><time>2026-08-23T21:15:29Z</time></trkpt><trkpt lat="52.223982" lon="-114.652436"><ele>987.763623046875</ele><time>2026-08-23T21:15:30Z</time></trkpt><trkpt lat="52.223972" lon="-114.652341"><ele>988.57099609375</ele><time>2026-08-23T21:15:33Z</time></trkpt><trkpt lat="52.223977" lon="-114.652156"><ele>989.966259765625</ele><time>2026-08-23T21:15:39Z</time></trkpt><trkpt lat="52.22398" lon="-114.65212"><ele>989.7134521484375</ele><time>2026-08-23T21:15:40Z</time></trkpt><trkpt lat="52.22398" lon="-114.651816"><ele>989.86494140625</ele><time>2026-08-23T21:15:49Z</time></trkpt><trkpt lat="52.223981" lon="-114.651783"><ele>989.7205322265625</ele><time>2026-08-23T21:15:50Z</time></trkpt><trkpt lat="52.223984" lon="-114.651648"><ele>989.946484375</ele><time>2026-08-23T21:15:54Z</time></trkpt><trkpt lat="52.224003" lon="-114.651488"><ele>990.348583984375</ele><time>2026-08-23T21:15:59Z</time></trkpt><trkpt lat="52.223999" lon="-114.651451"><ele>989.969189453125</ele><time>2026-08-23T21:16:00Z</time></trkpt><trkpt lat="52.223988" lon="-114.651133"><ele>989.80830078125</ele><time>2026-08-23T21:16:09Z</time></trkpt><trkpt lat="52.22399" lon="-114.651095"><ele>989.82490234375</ele><time>2026-08-23T21:16:10Z</time></trkpt><trkpt lat="52.223996" lon="-114.650799"><ele>990.2266357421875</ele><time>2026-08-23T21:16:19Z</time></trkpt><trkpt lat="52.223996" lon="-114.650762"><ele>990.2874267578125</ele><time>2026-08-23T21:16:20Z</time></trkpt><trkpt lat="52.224004" lon="-114.65045"><ele>991.7571533203125</ele><time>2026-08-23T21:16:29Z</time></trkpt><trkpt lat="52.224005" lon="-114.650415"><ele>991.88154296875</ele><time>2026-08-23T21:16:30Z</time></trkpt><trkpt lat="52.223996" lon="-114.650222"><ele>991.970654296875</ele><time>2026-08-23T21:16:35Z</time></trkpt><trkpt lat="52.224006" lon="-114.650082"><ele>991.900830078125</ele><time>2026-08-23T21:16:39Z</time></trkpt><trkpt lat="52.224008" lon="-114.650046"><ele>992.116162109375</ele><time>2026-08-23T21:16:40Z</time></trkpt><trkpt lat="52.224005" lon="-114.649726"><ele>993.040478515625</ele><time>2026-08-23T21:16:49Z</time></trkpt><trkpt lat="52.224004" lon="-114.649687"><ele>993.4068115234375</ele><time>2026-08-23T21:16:50Z</time></trkpt><trkpt lat="52.224002" lon="-114.64935"><ele>995.243603515625</ele><time>2026-08-23T21:16:59Z</time></trkpt><trkpt lat="52.224004" lon="-114.649311"><ele>995.0720947265625</ele><time>2026-08-23T21:17:00Z</time></trkpt><trkpt lat="52.224008" lon="-114.649012"><ele>994.912548828125</ele><time>2026-08-23T21:17:09Z</time></trkpt><trkpt lat="52.224009" lon="-114.648983"><ele>994.9593017578125</ele><time>2026-08-23T21:17:10Z</time></trkpt><trkpt lat="52.22401" lon="-114.648637"><ele>994.2407958984375</ele><time>2026-08-23T21:17:19Z</time></trkpt><trkpt lat="52.22401" lon="-114.648604"><ele>993.76435546875</ele><time>2026-08-23T21:17:20Z</time></trkpt><trkpt lat="52.224019" lon="-114.648417"><ele>993.4470947265625</ele><time>2026-08-23T21:17:25Z</time></trkpt><trkpt lat="52.224014" lon="-114.648279"><ele>991.41279296875</ele><time>2026-08-23T21:17:29Z</time></trkpt><trkpt lat="52.224011" lon="-114.648237"><ele>991.579541015625</ele><time>2026-08-23T21:17:30Z</time></trkpt><trkpt lat="52.224005" lon="-114.648158"><ele>991.36787109375</ele><time>2026-08-23T21:17:32Z</time></trkpt><trkpt lat="52.22402" lon="-114.647903"><ele>990.90693359375</ele><time>2026-08-23T21:17:39Z</time></trkpt><trkpt lat="52.224022" lon="-114.647867"><ele>991.4512451171875</ele><time>2026-08-23T21:17:40Z</time></trkpt><trkpt lat="52.224029" lon="-114.647529"><ele>991.33759765625</ele><time>2026-08-23T21:17:49Z</time></trkpt><trkpt lat="52.224029" lon="-114.647494"><ele>991.57001953125</ele><time>2026-08-23T21:17:50Z</time></trkpt><trkpt lat="52.224032" lon="-114.6472"><ele>989.4552734375</ele><time>2026-08-23T21:17:59Z</time></trkpt><trkpt lat="52.224031" lon="-114.64717"><ele>989.953076171875</ele><time>2026-08-23T21:18:00Z</time></trkpt><trkpt lat="52.224018" lon="-114.647006"><ele>990.36201171875</ele><time>2026-08-23T21:18:05Z</time></trkpt><trkpt lat="52.224022" lon="-114.646877"><ele>990.513623046875</ele><time>2026-08-23T21:18:09Z</time></trkpt><trkpt lat="52.224024" lon="-114.646845"><ele>990.002880859375</ele><time>2026-08-23T21:18:10Z</time></trkpt><trkpt lat="52.224028" lon="-114.646534"><ele>988.8709228515625</ele><time>2026-08-23T21:18:19Z</time></trkpt><trkpt lat="52.224029" lon="-114.646502"><ele>988.94697265625</ele><time>2026-08-23T21:18:20Z</time></trkpt><trkpt lat="52.224032" lon="-114.646188"><ele>987.512158203125</ele><time>2026-08-23T21:18:29Z</time></trkpt><trkpt lat="52.224031" lon="-114.646151"><ele>987.39619140625</ele><time>2026-08-23T21:18:30Z</time></trkpt><trkpt lat="52.224026" lon="-114.646022"><ele>987.5838134765625</ele><time>2026-08-23T21:18:34Z</time></trkpt><trkpt lat="52.224036" lon="-114.645858"><ele>988.0132568359375</ele><time>2026-08-23T21:18:39Z</time></trkpt><trkpt lat="52.224037" lon="-114.645824"><ele>987.9915283203125</ele><time>2026-08-23T21:18:40Z</time></trkpt><trkpt lat="52.22405" lon="-114.645519"><ele>988.909130859375</ele><time>2026-08-23T21:18:49Z</time></trkpt><trkpt lat="52.224052" lon="-114.645488"><ele>988.8924072265625</ele><time>2026-08-23T21:18:50Z</time></trkpt><trkpt lat="52.224054" lon="-114.645292"><ele>987.782666015625</ele><time>2026-08-23T21:18:59Z</time></trkpt><trkpt lat="52.224042" lon="-114.645245"><ele>986.741650390625</ele><time>2026-08-23T21:19:10Z</time></trkpt><trkpt lat="52.22404" lon="-114.645231"><ele>986.814404296875</ele><time>2026-08-23T21:19:11Z</time></trkpt><trkpt lat="52.22404" lon="-114.64494"><ele>986.492138671875</ele><time>2026-08-23T21:19:42Z</time></trkpt><trkpt lat="52.224039" lon="-114.644935"><ele>986.20478515625</ele><time>2026-08-23T21:19:43Z</time></trkpt><trkpt lat="52.224038" lon="-114.644921"><ele>986.676220703125</ele><time>2026-08-23T21:20:02Z</time></trkpt></trkseg><trkseg><trkpt lat="52.224046" lon="-114.644834"><ele>987.7569091796875</ele><time>2026-08-23T21:20:42Z</time></trkpt><trkpt lat="52.22405" lon="-114.644767"><ele>988.906201171875</ele><time>2026-08-23T21:20:50Z</time></trkpt><trkpt lat="52.224039" lon="-114.644695"><ele>987.49677734375</ele><time>2026-08-23T21:20:55Z</time></trkpt><trkpt lat="52.224047" lon="-114.644587"><ele>987.050244140625</ele><time>2026-08-23T21:21:02Z</time></trkpt><trkpt lat="52.224047" lon="-114.644569"><ele>987.1138427734375</ele><time>2026-08-23T21:21:03Z</time></trkpt><trkpt lat="52.224044" lon="-114.644486"><ele>987.244091796875</ele><time>2026-08-23T21:21:08Z</time></trkpt><trkpt lat="52.224064" lon="-114.644475"><ele>986.58271484375</ele><time>2026-08-23T21:21:11Z</time></trkpt><trkpt lat="52.22418" lon="-114.644476"><ele>986.8311279296875</ele><time>2026-08-23T21:21:20Z</time></trkpt><trkpt lat="52.224192" lon="-114.644474"><ele>986.67353515625</ele><time>2026-08-23T21:21:21Z</time></trkpt><trkpt lat="52.22427" lon="-114.644486"><ele>986.8296630859375</ele><time>2026-08-23T21:21:28Z</time></trkpt><trkpt lat="52.224293" lon="-114.644475"><ele>987.3087890625</ele><time>2026-08-23T21:21:30Z</time></trkpt><trkpt lat="52.224371" lon="-114.644478"><ele>987.500439453125</ele><time>2026-08-23T21:21:37Z</time></trkpt><trkpt lat="52.224384" lon="-114.644481"><ele>987.50458984375</ele><time>2026-08-23T21:21:38Z</time></trkpt><trkpt lat="52.224478" lon="-114.644477"><ele>987.5568359375</ele><time>2026-08-23T21:21:47Z</time></trkpt><trkpt lat="52.224549" lon="-114.644488"><ele>987.440625</ele><time>2026-08-23T21:21:54Z</time></trkpt><trkpt lat="52.224559" lon="-114.644487"><ele>987.48115234375</ele><time>2026-08-23T21:21:55Z</time></trkpt><trkpt lat="52.224718" lon="-114.644492"><ele>987.6326416015625</ele><time>2026-08-23T21:22:11Z</time></trkpt><trkpt lat="52.224728" lon="-114.644486"><ele>987.64033203125</ele><time>2026-08-23T21:22:12Z</time></trkpt><trkpt lat="52.224774" lon="-114.644499"><ele>988.1563232421875</ele><time>2026-08-23T21:22:39Z</time></trkpt><trkpt lat="52.224822" lon="-114.644476"><ele>988.702099609375</ele><time>2026-08-23T21:22:49Z</time></trkpt><trkpt lat="52.224897" lon="-114.64448"><ele>990.0586669921875</ele><time>2026-08-23T21:23:00Z</time></trkpt><trkpt lat="52.224905" lon="-114.64448"><ele>989.805859375</ele><time>2026-08-23T21:23:01Z</time></trkpt><trkpt lat="52.224965" lon="-114.644469"><ele>990.5650146484375</ele><time>2026-08-23T21:23:10Z</time></trkpt><trkpt lat="52.225089" lon="-114.644486"><ele>990.05048828125</ele><time>2026-08-23T21:23:24Z</time></trkpt><trkpt lat="52.225099" lon="-114.644486"><ele>989.9275634765625</ele><time>2026-08-23T21:23:25Z</time></trkpt><trkpt lat="52.225113" lon="-114.64447"><ele>989.731396484375</ele><time>2026-08-23T21:23:32Z</time></trkpt></trkseg></trk><trk><name>TrailHead</name><desc></desc><extensions><line xmlns="http://www.topografix.com/GPX/gpx_style/0/2"><color>A726BC</color></line></extensions><trkseg><trkpt lat="52.226749" lon="-114.653621"><ele>996.133418259043</ele><time>2026-09-05T21:54:31Z</time></trkpt><trkpt lat="52.226718" lon="-114.653481"><ele>993.7653119133182</ele><time>2026-09-05T21:54:40Z</time></trkpt><trkpt lat="52.226707" lon="-114.653435"><ele>993.748810296062</ele><time>2026-09-05T21:54:41Z</time></trkpt><trkpt lat="52.226653" lon="-114.653233"><ele>994.7480569012899</ele><time>2026-09-05T21:54:45Z</time></trkpt><trkpt lat="52.226555" lon="-114.652966"><ele>995.3786529919272</ele><time>2026-09-05T21:54:50Z</time></trkpt><trkpt lat="52.226537" lon="-114.652911"><ele>994.9710131615716</ele><time>2026-09-05T21:54:51Z</time></trkpt><trkpt lat="52.226475" lon="-114.65267"><ele>996.2076746069881</ele><time>2026-09-05T21:54:55Z</time></trkpt><trkpt lat="52.226453" lon="-114.652462"><ele>996.6036254928902</ele><time>2026-09-05T21:54:58Z</time></trkpt><trkpt lat="52.226438" lon="-114.652402"><ele>997.2427832670303</ele><time>2026-09-05T21:54:59Z</time></trkpt><trkpt lat="52.226409" lon="-114.652353"><ele>997.0480323735537</ele><time>2026-09-05T21:55:00Z</time></trkpt><trkpt lat="52.226375" lon="-114.652318"><ele>997.3482654220653</ele><time>2026-09-05T21:55:01Z</time></trkpt><trkpt lat="52.226339" lon="-114.652296"><ele>997.6961034450194</ele><time>2026-09-05T21:55:02Z</time></trkpt><trkpt lat="52.226181" lon="-114.652272"><ele>998.5108223861562</ele><time>2026-09-05T21:55:06Z</time></trkpt><trkpt lat="52.226043" lon="-114.652221"><ele>999.3293926837223</ele><time>2026-09-05T21:55:10Z</time></trkpt><trkpt lat="52.22601" lon="-114.652207"><ele>999.4488090947111</ele><time>2026-09-05T21:55:11Z</time></trkpt><trkpt lat="52.225915" lon="-114.652146"><ele>1000.9576911385467</ele><time>2026-09-05T21:55:35Z</time></trkpt></trkseg></trk><trk><name>Cabin Perimeter</name><desc></desc><extensions><line xmlns="http://www.topografix.com/GPX/gpx_style/0/2"><color>E834EC</color></line></extensions><trkseg><trkpt lat="52.22507" lon="-114.649387"><ele>990.6277358504283</ele><time>2026-09-05T20:54:21Z</time></trkpt><trkpt lat="52.225079" lon="-114.649398"><ele>991.0</ele><time>2026-09-05T20:54:26Z</time></trkpt><trkpt lat="52.22511" lon="-114.649401"><ele>991.0032465506108</ele><time>2026-09-05T20:54:30Z</time></trkpt><trkpt lat="52.225119" lon="-114.649404"><ele>991.3241778410126</ele><time>2026-09-05T20:54:31Z</time></trkpt><trkpt lat="52.225149" lon="-114.649378"><ele>991.568625319841</ele><time>2026-09-05T20:54:34Z</time></trkpt><trkpt lat="52.225176" lon="-114.649377"><ele>991.6706180251614</ele><time>2026-09-05T20:54:36Z</time></trkpt><trkpt lat="52.225192" lon="-114.649366"><ele>991.5448717222531</ele><time>2026-09-05T20:54:38Z</time></trkpt><trkpt lat="52.225202" lon="-114.649329"><ele>991.0023245980395</ele><time>2026-09-05T20:54:40Z</time></trkpt><trkpt lat="52.225205" lon="-114.649293"><ele>991.577860156357</ele><time>2026-09-05T20:54:42Z</time></trkpt><trkpt lat="52.225193" lon="-114.649277"><ele>992.1097474474534</ele><time>2026-09-05T20:54:43Z</time></trkpt><trkpt lat="52.225154" lon="-114.649265"><ele>991.6192865943667</ele><time>2026-09-05T20:54:46Z</time></trkpt><trkpt lat="52.225142" lon="-114.649262"><ele>991.9857467249706</ele><time>2026-09-05T20:54:47Z</time></trkpt><trkpt lat="52.225133" lon="-114.649228"><ele>992.0468631410567</ele><time>2026-09-05T20:54:48Z</time></trkpt><trkpt lat="52.225166" lon="-114.649087"><ele>993.1727651641046</ele><time>2026-09-05T20:55:03Z</time></trkpt><trkpt lat="52.225161" lon="-114.649049"><ele>992.5355963937217</ele><time>2026-09-05T20:55:06Z</time></trkpt><trkpt lat="52.225141" lon="-114.649035"><ele>992.5975582828385</ele><time>2026-09-05T20:55:08Z</time></trkpt><trkpt lat="52.225099" lon="-114.64903"><ele>992.3884671030171</ele><time>2026-09-05T20:55:11Z</time></trkpt><trkpt lat="52.225085" lon="-114.649029"><ele>992.6204849599085</ele><time>2026-09-05T20:55:12Z</time></trkpt><trkpt lat="52.225003" lon="-114.649026"><ele>991.6932647466043</ele><time>2026-09-05T20:55:18Z</time></trkpt><trkpt lat="52.224932" lon="-114.649053"><ele>991.9692755919763</ele><time>2026-09-05T20:55:24Z</time></trkpt><trkpt lat="52.224911" lon="-114.649082"><ele>991.0282815463058</ele><time>2026-09-05T20:55:27Z</time></trkpt><trkpt lat="52.224917" lon="-114.649103"><ele>990.4278532605982</ele><time>2026-09-05T20:55:28Z</time></trkpt><trkpt lat="52.224908" lon="-114.649162"><ele>991.1386991057025</ele><time>2026-09-05T20:55:33Z</time></trkpt><trkpt lat="52.224892" lon="-114.649193"><ele>990.6926764226752</ele><time>2026-09-05T20:55:36Z</time></trkpt><trkpt lat="52.224892" lon="-114.649235"><ele>991.1622032777179</ele><time>2026-09-05T20:55:38Z</time></trkpt><trkpt lat="52.224917" lon="-114.649288"><ele>990.460459733312</ele><time>2026-09-05T20:55:41Z</time></trkpt><trkpt lat="52.224974" lon="-114.64934"><ele>991.3159952323424</ele><time>2026-09-05T20:55:46Z</time></trkpt><trkpt lat="52.224987" lon="-114.649346"><ele>991.1921427157407</ele><time>2026-09-05T20:55:47Z</time></trkpt><trkpt lat="52.225063" lon="-114.649386"><ele>990.4392004090473</ele><time>2026-09-05T20:55:53Z</time></trkpt><trkpt lat="52.225075" lon="-114.649359"><ele>990.720659143193</ele><time>2026-09-05T20:55:54Z</time></trkpt></trkseg></trk><trk><name>E/W Flyover</name><desc></desc><extensions><line xmlns="http://www.topografix.com/GPX/gpx_style/0/2"><color>00A478</color></line></extensions><trkseg><trkpt lat="52.225195" lon="-114.650254"><ele>994.8222739069937</ele><time>2026-09-05T22:18:21Z</time></trkpt><trkpt lat="52.225229" lon="-114.650353"><ele>995.363053819637</ele><time>2026-09-05T22:18:30Z</time></trkpt><trkpt lat="52.225242" lon="-114.65038"><ele>995.4095833975825</ele><time>2026-09-05T22:18:31Z</time></trkpt><trkpt lat="52.225266" lon="-114.650456"><ele>996.0279153513172</ele><time>2026-09-05T22:18:33Z</time></trkpt><trkpt lat="52.225268" lon="-114.65055"><ele>995.8192176617986</ele><time>2026-09-05T22:18:35Z</time></trkpt><trkpt lat="52.225226" lon="-114.650772"><ele>996.6926289336214</ele><time>2026-09-05T22:18:40Z</time></trkpt><trkpt lat="52.225225" lon="-114.650821"><ele>997.0950416112955</ele><time>2026-09-05T22:18:41Z</time></trkpt><trkpt lat="52.225236" lon="-114.65097"><ele>997.9565760611811</ele><time>2026-09-05T22:18:44Z</time></trkpt><trkpt lat="52.225304" lon="-114.651247"><ele>998.9310955667022</ele><time>2026-09-05T22:18:50Z</time></trkpt><trkpt lat="52.225312" lon="-114.651294"><ele>998.8875211912341</ele><time>2026-09-05T22:18:51Z</time></trkpt><trkpt lat="52.225413" lon="-114.651776"><ele>999.6234479983942</ele><time>2026-09-05T22:19:00Z</time></trkpt><trkpt lat="52.225421" lon="-114.651816"><ele>999.4514428745746</ele><time>2026-09-05T22:19:01Z</time></trkpt><trkpt lat="52.225452" lon="-114.65202"><ele>999.3338349806872</ele><time>2026-09-05T22:19:05Z</time></trkpt><trkpt lat="52.225443" lon="-114.652281"><ele>999.0030367677784</ele><time>2026-09-05T22:19:10Z</time></trkpt><trkpt lat="52.22544" lon="-114.652324"><ele>999.1732431481221</ele><time>2026-09-05T22:19:11Z</time></trkpt><trkpt lat="52.22538" lon="-114.652821"><ele>996.2527968902739</ele><time>2026-09-05T22:19:20Z</time></trkpt><trkpt lat="52.225381" lon="-114.652854"><ele>996.2374152039946</ele><time>2026-09-05T22:19:21Z</time></trkpt><trkpt lat="52.225394" lon="-114.652978"><ele>996.1934681629674</ele><time>2026-09-05T22:19:25Z</time></trkpt><trkpt lat="52.225429" lon="-114.653104"><ele>996.1254442055357</ele><time>2026-09-05T22:19:31Z</time></trkpt><trkpt lat="52.225429" lon="-114.653132"><ele>995.8926184569115</ele><time>2026-09-05T22:19:32Z</time></trkpt><trkpt lat="52.225423" lon="-114.653255"><ele>995.3952605809199</ele><time>2026-09-05T22:19:36Z</time></trkpt><trkpt lat="52.225438" lon="-114.653431"><ele>996.1877445236623</ele><time>2026-09-05T22:19:43Z</time></trkpt><trkpt lat="52.225441" lon="-114.653459"><ele>995.9365419175682</ele><time>2026-09-05T22:19:44Z</time></trkpt><trkpt lat="52.225442" lon="-114.653528"><ele>994.9799867811338</ele><time>2026-09-05T22:19:47Z</time></trkpt><trkpt lat="52.225369" lon="-114.653756"><ele>991.351567327517</ele><time>2026-09-05T22:19:54Z</time></trkpt><trkpt lat="52.22535" lon="-114.653805"><ele>990.6351631977393</ele><time>2026-09-05T22:19:55Z</time></trkpt><trkpt lat="52.225233" lon="-114.654139"><ele>987.5866312612006</ele><time>2026-09-05T22:20:04Z</time></trkpt><trkpt lat="52.225219" lon="-114.65417"><ele>986.9882827122245</ele><time>2026-09-05T22:20:05Z</time></trkpt><trkpt lat="52.225168" lon="-114.654243"><ele>987.6526174870409</ele><time>2026-09-05T22:20:08Z</time></trkpt><trkpt lat="52.225099" lon="-114.654394"><ele>986.6041715130824</ele><time>2026-09-05T22:20:14Z</time></trkpt><trkpt lat="52.225084" lon="-114.65442"><ele>986.8455375089587</ele><time>2026-09-05T22:20:15Z</time></trkpt><trkpt lat="52.224953" lon="-114.65465"><ele>986.1301544428993</ele><time>2026-09-05T22:20:24Z</time></trkpt><trkpt lat="52.224937" lon="-114.654678"><ele>986.2121871049983</ele><time>2026-09-05T22:20:25Z</time></trkpt><trkpt lat="52.224784" lon="-114.654988"><ele>987.0950935307023</ele><time>2026-09-05T22:20:46Z</time></trkpt><trkpt lat="52.22476" lon="-114.655028"><ele>986.7048607219879</ele><time>2026-09-05T22:20:47Z</time></trkpt><trkpt lat="52.224582" lon="-114.655357"><ele>986.6157783609347</ele><time>2026-09-05T22:20:56Z</time></trkpt><trkpt lat="52.224568" lon="-114.655381"><ele>986.8526724870023</ele><time>2026-09-05T22:20:57Z</time></trkpt><trkpt lat="52.224512" lon="-114.655463"><ele>986.9918756790031</ele><time>2026-09-05T22:21:09Z</time></trkpt><trkpt lat="52.224448" lon="-114.655614"><ele>986.4204454341964</ele><time>2026-09-05T22:21:30Z</time></trkpt><trkpt lat="52.224442" lon="-114.655631"><ele>986.4374370076434</ele><time>2026-09-05T22:21:31Z</time></trkpt><trkpt lat="52.224401" lon="-114.655698"><ele>987.370243449605</ele><time>2026-09-05T22:21:39Z</time></trkpt><trkpt lat="52.224428" lon="-114.655803"><ele>986.9908144082916</ele><time>2026-09-05T22:21:49Z</time></trkpt><trkpt lat="52.22441" lon="-114.655877"><ele>988.6669322826649</ele><time>2026-09-05T22:21:55Z</time></trkpt><trkpt lat="52.224409" lon="-114.655883"><ele>988.7696385048949</ele><time>2026-09-05T22:21:56Z</time></trkpt><trkpt lat="52.224393" lon="-114.655923"><ele>989.0667389889016</ele><time>2026-09-05T22:22:00Z</time></trkpt><trkpt lat="52.224321" lon="-114.655991"><ele>987.742804873688</ele><time>2026-09-05T22:22:08Z</time></trkpt><trkpt lat="52.224288" lon="-114.656051"><ele>987.9953253511819</ele><time>2026-09-05T22:22:13Z</time></trkpt><trkpt lat="52.224279" lon="-114.656066"><ele>988.553040207991</ele><time>2026-09-05T22:22:14Z</time></trkpt><trkpt lat="52.224233" lon="-114.656113"><ele>989.4785693282096</ele><time>2026-09-05T22:22:18Z</time></trkpt><trkpt lat="52.224164" lon="-114.65615"><ele>989.6609961312688</ele><time>2026-09-05T22:22:23Z</time></trkpt><trkpt lat="52.224149" lon="-114.656157"><ele>989.6792344728763</ele><time>2026-09-05T22:22:24Z</time></trkpt><trkpt lat="52.224069" lon="-114.656195"><ele>990.389018244827</ele><time>2026-09-05T22:22:30Z</time></trkpt><trkpt lat="52.224001" lon="-114.656204"><ele>990.3182895416991</ele><time>2026-09-05T22:22:35Z</time></trkpt><trkpt lat="52.223986" lon="-114.656208"><ele>990.2971107944282</ele><time>2026-09-05T22:22:36Z</time></trkpt><trkpt lat="52.223932" lon="-114.656245"><ele>990.0478784038179</ele><time>2026-09-05T22:22:41Z</time></trkpt><trkpt lat="52.223914" lon="-114.656268"><ele>990.2070059921285</ele><time>2026-09-05T22:22:43Z</time></trkpt></trkseg></trk><trk><name>Lor Trail</name><desc></desc><extensions><line xmlns="http://www.topografix.com/GPX/gpx_style/0/2"><color>0479FF</color></line></extensions><trkseg><trkpt lat="52.227308" lon="-114.653308"><ele>993.6644796050409</ele><time>2026-09-05T21:23:44Z</time></trkpt><trkpt lat="52.22732" lon="-114.653332"><ele>993.372182739717</ele><time>2026-09-05T21:23:53Z</time></trkpt><trkpt lat="52.227334" lon="-114.653353"><ele>994.0148736612432</ele><time>2026-09-05T21:23:54Z</time></trkpt><trkpt lat="52.227367" lon="-114.653434"><ele>994.1829699828081</ele><time>2026-09-05T21:23:57Z</time></trkpt><trkpt lat="52.227376" lon="-114.653509"><ele>994.448012949533</ele><time>2026-09-05T21:23:59Z</time></trkpt><trkpt lat="52.22736" lon="-114.653577"><ele>994.4402252193685</ele><time>2026-09-05T21:24:01Z</time></trkpt><trkpt lat="52.227325" lon="-114.653637"><ele>994.6274545417722</ele><time>2026-09-05T21:24:03Z</time></trkpt><trkpt lat="52.227304" lon="-114.653669"><ele>994.4103663084464</ele><time>2026-09-05T21:24:04Z</time></trkpt><trkpt lat="52.227192" lon="-114.653901"><ele>993.4412560812698</ele><time>2026-09-05T21:24:13Z</time></trkpt><trkpt lat="52.227182" lon="-114.653929"><ele>993.7380788872836</ele><time>2026-09-05T21:24:14Z</time></trkpt><trkpt lat="52.227156" lon="-114.654002"><ele>994.2660808236008</ele><time>2026-09-05T21:24:18Z</time></trkpt><trkpt lat="52.22713" lon="-114.654026"><ele>993.8570705607569</ele><time>2026-09-05T21:24:23Z</time></trkpt></trkseg></trk><trk><name>Hill behind house</name><desc></desc><extensions><line xmlns="http://www.topografix.com/GPX/gpx_style/0/2"><color>0479FF</color></line></extensions><trkseg><trkpt lat="52.225864" lon="-114.646467"><ele>979.6064453125</ele><time>2026-08-23T20:29:17Z</time></trkpt><trkpt lat="52.225872" lon="-114.646527"><ele>995.6345947265625</ele><time>2026-08-23T20:29:26Z</time></trkpt><trkpt lat="52.225865" lon="-114.646552"><ele>995.110791015625</ele><time>2026-08-23T20:29:27Z</time></trkpt><trkpt lat="52.225855" lon="-114.646647"><ele>992.882275390625</ele><time>2026-08-23T20:29:34Z</time></trkpt><trkpt lat="52.225834" lon="-114.646709"><ele>991.2971923828125</ele><time>2026-08-23T20:29:39Z</time></trkpt><trkpt lat="52.225842" lon="-114.646739"><ele>991.1621826171875</ele><time>2026-08-23T20:29:43Z</time></trkpt><trkpt lat="52.225858" lon="-114.646754"><ele>991.3810546875</ele><time>2026-08-23T20:29:45Z</time></trkpt><trkpt lat="52.225885" lon="-114.646733"><ele>991.49775390625</ele><time>2026-08-23T20:29:49Z</time></trkpt><trkpt lat="52.225891" lon="-114.646724"><ele>991.539013671875</ele><time>2026-08-23T20:29:50Z</time></trkpt><trkpt lat="52.225914" lon="-114.646678"><ele>992.0220458984375</ele><time>2026-08-23T20:29:54Z</time></trkpt><trkpt lat="52.225924" lon="-114.646611"><ele>993.0044677734375</ele><time>2026-08-23T20:29:59Z</time></trkpt><trkpt lat="52.225905" lon="-114.646542"><ele>993.807080078125</ele><time>2026-08-23T20:30:04Z</time></trkpt><trkpt lat="52.225929" lon="-114.646537"><ele>992.5413330078125</ele><time>2026-08-23T20:30:09Z</time></trkpt><trkpt lat="52.22595" lon="-114.646583"><ele>992.0615966796875</ele><time>2026-08-23T20:30:12Z</time></trkpt><trkpt lat="52.225956" lon="-114.646594"><ele>992.1062744140625</ele><time>2026-08-23T20:30:13Z</time></trkpt><trkpt lat="52.225983" lon="-114.64668"><ele>991.271923828125</ele><time>2026-08-23T20:30:18Z</time></trkpt><trkpt lat="52.225983" lon="-114.646721"><ele>992.14423828125</ele><time>2026-08-23T20:30:20Z</time></trkpt><trkpt lat="52.225949" lon="-114.646745"><ele>990.8892333984375</ele><time>2026-08-23T20:30:24Z</time></trkpt><trkpt lat="52.22593" lon="-114.646726"><ele>990.83955078125</ele><time>2026-08-23T20:30:26Z</time></trkpt><trkpt lat="52.225921" lon="-114.646682"><ele>991.100537109375</ele><time>2026-08-23T20:30:28Z</time></trkpt><trkpt lat="52.225919" lon="-114.646661"><ele>991.3343017578125</ele><time>2026-08-23T20:30:29Z</time></trkpt><trkpt lat="52.22592" lon="-114.646642"><ele>992.0989501953125</ele><time>2026-08-23T20:30:30Z</time></trkpt><trkpt lat="52.225951" lon="-114.64675"><ele>992.0060546875</ele><time>2026-08-23T20:30:40Z</time></trkpt><trkpt lat="52.22595" lon="-114.646782"><ele>991.435498046875</ele><time>2026-08-23T20:30:42Z</time></trkpt><trkpt lat="52.225919" lon="-114.646831"><ele>990.8833740234375</ele><time>2026-08-23T20:30:46Z</time></trkpt><trkpt lat="52.225889" lon="-114.646855"><ele>989.378125</ele><time>2026-08-23T20:30:49Z</time></trkpt><trkpt lat="52.225882" lon="-114.646867"><ele>989.4248779296875</ele><time>2026-08-23T20:30:50Z</time></trkpt><trkpt lat="52.225877" lon="-114.646891"><ele>989.619580078125</ele><time>2026-08-23T20:30:51Z</time></trkpt><trkpt lat="52.225888" lon="-114.646916"><ele>989.525341796875</ele><time>2026-08-23T20:30:52Z</time></trkpt><trkpt lat="52.225919" lon="-114.646912"><ele>988.316845703125</ele><time>2026-08-23T20:30:53Z</time></trkpt><trkpt lat="52.225952" lon="-114.646881"><ele>989.63251953125</ele><time>2026-08-23T20:30:55Z</time></trkpt><trkpt lat="52.225966" lon="-114.646915"><ele>989.08515625</ele><time>2026-08-23T20:30:58Z</time></trkpt><trkpt lat="52.225967" lon="-114.646984"><ele>988.234814453125</ele><time>2026-08-23T20:31:03Z</time></trkpt><trkpt lat="52.225978" lon="-114.64699"><ele>987.89326171875</ele><time>2026-08-23T20:31:04Z</time></trkpt><trkpt lat="52.225987" lon="-114.646978"><ele>987.838818359375</ele><time>2026-08-23T20:31:05Z</time></trkpt><trkpt lat="52.225991" lon="-114.646883"><ele>987.075390625</ele><time>2026-08-23T20:31:10Z</time></trkpt><trkpt lat="52.226011" lon="-114.646786"><ele>988.7691162109375</ele><time>2026-08-23T20:31:16Z</time></trkpt><trkpt lat="52.225989" lon="-114.646715"><ele>990.5852783203125</ele><time>2026-08-23T20:31:21Z</time></trkpt><trkpt lat="52.225979" lon="-114.646704"><ele>990.883740234375</ele><time>2026-08-23T20:31:22Z</time></trkpt><trkpt lat="52.225947" lon="-114.646665"><ele>990.9531982421875</ele><time>2026-08-23T20:31:25Z</time></trkpt></trkseg></trk><trk><name>Margaret Trail</name><desc></desc><extensions><line xmlns="http://www.topografix.com/GPX/gpx_style/0/2"><color>0479FF</color></line></extensions><trkseg><trkpt lat="52.227752" lon="-114.652814"><ele>989.371940452352</ele><time>2026-09-05T22:05:09Z</time></trkpt><trkpt lat="52.227752" lon="-114.652813"><ele>989.3382236820125</ele><time>2026-09-05T22:05:18Z</time></trkpt><trkpt lat="52.227752" lon="-114.652814"><ele>989.3312871575962</ele><time>2026-09-05T22:05:19Z</time></trkpt><trkpt lat="52.22772" lon="-114.652823"><ele>990.1728241050349</ele><time>2026-09-05T22:05:46Z</time></trkpt><trkpt lat="52.227662" lon="-114.652865"><ele>990.9486665081729</ele><time>2026-09-05T22:05:50Z</time></trkpt><trkpt lat="52.227604" lon="-114.652868"><ele>992.1979082726887</ele><time>2026-09-05T22:05:53Z</time></trkpt><trkpt lat="52.227586" lon="-114.652858"><ele>992.3705818986898</ele><time>2026-09-05T22:05:54Z</time></trkpt><trkpt lat="52.227529" lon="-114.65283"><ele>992.532425387751</ele><time>2026-09-05T22:05:58Z</time></trkpt><trkpt lat="52.227511" lon="-114.652798"><ele>992.8045065632025</ele><time>2026-09-05T22:06:02Z</time></trkpt><trkpt lat="52.227414" lon="-114.652749"><ele>994.1820768137807</ele><time>2026-09-05T22:06:39Z</time></trkpt><trkpt lat="52.227396" lon="-114.652737"><ele>994.1545150872898</ele><time>2026-09-05T22:06:40Z</time></trkpt><trkpt lat="52.227362" lon="-114.652711"><ele>995.337568286531</ele><time>2026-09-05T22:06:42Z</time></trkpt><trkpt lat="52.2273" lon="-114.652697"><ele>993.9528420691375</ele><time>2026-09-05T22:06:45Z</time></trkpt><trkpt lat="52.227218" lon="-114.652653"><ele>994.4748542414286</ele><time>2026-09-05T22:06:49Z</time></trkpt><trkpt lat="52.227197" lon="-114.652644"><ele>994.0590833301077</ele><time>2026-09-05T22:06:50Z</time></trkpt><trkpt lat="52.227164" lon="-114.652609"><ele>994.6859467283333</ele><time>2026-09-05T22:06:52Z</time></trkpt><trkpt lat="52.227125" lon="-114.652585"><ele>994.760591496408</ele><time>2026-09-05T22:06:54Z</time></trkpt><trkpt lat="52.227058" lon="-114.652587"><ele>995.7499807593362</ele><time>2026-09-05T22:06:57Z</time></trkpt><trkpt lat="52.227024" lon="-114.652607"><ele>996.1492092590283</ele><time>2026-09-05T22:06:59Z</time></trkpt><trkpt lat="52.22701" lon="-114.652619"><ele>995.5472806759365</ele><time>2026-09-05T22:07:00Z</time></trkpt><trkpt lat="52.226949" lon="-114.652677"><ele>995.3397779823999</ele><time>2026-09-05T22:07:04Z</time></trkpt><trkpt lat="52.226817" lon="-114.652757"><ele>995.1764787139936</ele><time>2026-09-05T22:07:09Z</time></trkpt><trkpt lat="52.226796" lon="-114.652772"><ele>994.9663903885819</ele><time>2026-09-05T22:07:10Z</time></trkpt><trkpt lat="52.226758" lon="-114.652769"><ele>995.0758406401272</ele><time>2026-09-05T22:07:14Z</time></trkpt><trkpt lat="52.226676" lon="-114.652703"><ele>995.5348896176707</ele><time>2026-09-05T22:07:16Z</time></trkpt><trkpt lat="52.226568" lon="-114.652546"><ele>995.744262402332</ele><time>2026-09-05T22:07:19Z</time></trkpt><trkpt lat="52.226509" lon="-114.652481"><ele>995.9504720823575</ele><time>2026-09-05T22:07:21Z</time></trkpt><trkpt lat="52.226488" lon="-114.65246"><ele>995.6761425087022</ele><time>2026-09-05T22:07:22Z</time></trkpt><trkpt lat="52.22646" lon="-114.652446"><ele>996.3615408258612</ele><time>2026-09-05T22:07:27Z</time></trkpt></trkseg></trk><trk><name>Payton and Caine</name><desc></desc><extensions><line xmlns="http://www.topografix.com/GPX/gpx_style/0/2"><color>5726C2</color></line></extensions><trkseg><trkpt lat="52.225298" lon="-114.649277"><ele>991.5345514818076</ele><time>2026-09-05T21:15:55Z</time></trkpt><trkpt lat="52.225343" lon="-114.649308"><ele>994.289426886087</ele><time>2026-09-05T21:16:06Z</time></trkpt><trkpt lat="52.225364" lon="-114.649326"><ele>994.678906360366</ele><time>2026-09-05T21:16:07Z</time></trkpt><trkpt lat="52.225439" lon="-114.649391"><ele>994.9355300254729</ele><time>2026-09-05T21:16:10Z</time></trkpt><trkpt lat="52.225585" lon="-114.649568"><ele>996.4153083626926</ele><time>2026-09-05T21:16:16Z</time></trkpt><trkpt lat="52.22561" lon="-114.649603"><ele>996.3113164668073</ele><time>2026-09-05T21:16:17Z</time></trkpt><trkpt lat="52.225713" lon="-114.649793"><ele>996.4842230317645</ele><time>2026-09-05T21:16:22Z</time></trkpt><trkpt lat="52.225772" lon="-114.64995"><ele>995.4225744704601</ele><time>2026-09-05T21:16:26Z</time></trkpt><trkpt lat="52.225789" lon="-114.649988"><ele>995.4463936624646</ele><time>2026-09-05T21:16:27Z</time></trkpt><trkpt lat="52.225861" lon="-114.650082"><ele>994.849849291879</ele><time>2026-09-05T21:16:31Z</time></trkpt><trkpt lat="52.225893" lon="-114.650211"><ele>994.3144299109995</ele><time>2026-09-05T21:16:36Z</time></trkpt><trkpt lat="52.225912" lon="-114.650236"><ele>994.2648480419808</ele><time>2026-09-05T21:16:37Z</time></trkpt><trkpt lat="52.22598" lon="-114.650285"><ele>994.0209073508172</ele><time>2026-09-05T21:16:40Z</time></trkpt><trkpt lat="52.226067" lon="-114.650428"><ele>994.6550706547048</ele><time>2026-09-05T21:16:46Z</time></trkpt><trkpt lat="52.226081" lon="-114.650449"><ele>994.4454379385215</ele><time>2026-09-05T21:16:47Z</time></trkpt><trkpt lat="52.226212" lon="-114.650737"><ele>995.1765269073501</ele><time>2026-09-05T21:16:56Z</time></trkpt><trkpt lat="52.226218" lon="-114.650771"><ele>995.4085305144256</ele><time>2026-09-05T21:16:57Z</time></trkpt><trkpt lat="52.226232" lon="-114.650883"><ele>994.7188199964958</ele><time>2026-09-05T21:17:00Z</time></trkpt><trkpt lat="52.226269" lon="-114.650966"><ele>993.4691189647717</ele><time>2026-09-05T21:17:02Z</time></trkpt><trkpt lat="52.226312" lon="-114.651034"><ele>994.1139706051006</ele><time>2026-09-05T21:17:04Z</time></trkpt><trkpt lat="52.226377" lon="-114.651086"><ele>992.9471286816025</ele><time>2026-09-05T21:17:06Z</time></trkpt><trkpt lat="52.226408" lon="-114.651113"><ele>992.5333275780484</ele><time>2026-09-05T21:17:07Z</time></trkpt><trkpt lat="52.226456" lon="-114.651178"><ele>993.3023372424004</ele><time>2026-09-05T21:17:09Z</time></trkpt><trkpt lat="52.226538" lon="-114.651436"><ele>991.4528590983573</ele><time>2026-09-05T21:17:16Z</time></trkpt><trkpt lat="52.226549" lon="-114.651478"><ele>991.2936556064789</ele><time>2026-09-05T21:17:17Z</time></trkpt><trkpt lat="52.226572" lon="-114.651624"><ele>990.2663344457851</ele><time>2026-09-05T21:17:21Z</time></trkpt><trkpt lat="52.226543" lon="-114.651831"><ele>992.0576773940845</ele><time>2026-09-05T21:17:26Z</time></trkpt><trkpt lat="52.226543" lon="-114.651871"><ele>992.5525597690607</ele><time>2026-09-05T21:17:27Z</time></trkpt><trkpt lat="52.226566" lon="-114.651935"><ele>992.605068644572</ele><time>2026-09-05T21:17:29Z</time></trkpt><trkpt lat="52.226627" lon="-114.652016"><ele>993.9346392430948</ele><time>2026-09-05T21:17:32Z</time></trkpt><trkpt lat="52.226672" lon="-114.652132"><ele>995.3430969095588</ele><time>2026-09-05T21:17:36Z</time></trkpt><trkpt lat="52.22669" lon="-114.652165"><ele>995.3122668821932</ele><time>2026-09-05T21:17:37Z</time></trkpt><trkpt lat="52.226725" lon="-114.652235"><ele>996.226016260167</ele><time>2026-09-05T21:17:39Z</time></trkpt><trkpt lat="52.226766" lon="-114.652365"><ele>995.6980302106626</ele><time>2026-09-05T21:17:42Z</time></trkpt><trkpt lat="52.226839" lon="-114.652482"><ele>997.1345617352262</ele><time>2026-09-05T21:17:46Z</time></trkpt><trkpt lat="52.226857" lon="-114.652521"><ele>997.2030878924181</ele><time>2026-09-05T21:17:47Z</time></trkpt><trkpt lat="52.227028" lon="-114.65285"><ele>995.2008691213161</ele><time>2026-09-05T21:17:56Z</time></trkpt><trkpt lat="52.22705" lon="-114.652887"><ele>994.9246283023258</ele><time>2026-09-05T21:17:57Z</time></trkpt><trkpt lat="52.227213" lon="-114.653222"><ele>995.6337664640058</ele><time>2026-09-05T21:18:06Z</time></trkpt><trkpt lat="52.22722" lon="-114.653245"><ele>995.9882139366001</ele><time>2026-09-05T21:18:07Z</time></trkpt><trkpt lat="52.227237" lon="-114.653263"><ele>995.501029043003</ele><time>2026-09-05T21:18:14Z</time></trkpt></trkseg></trk><trk><name>Cabin Trail </name><desc></desc><extensions><line xmlns="http://www.topografix.com/GPX/gpx_style/0/2"><color>F42410</color></line></extensions><trkseg><trkpt lat="52.228567" lon="-114.651878"><ele>989.7267990732623</ele><time>2026-09-05T20:41:52Z</time></trkpt><trkpt lat="52.22854" lon="-114.651862"><ele>989.5312073234712</ele><time>2026-09-05T20:42:00Z</time></trkpt><trkpt lat="52.228516" lon="-114.651862"><ele>989.2673526077585</ele><time>2026-09-05T20:42:01Z</time></trkpt><trkpt lat="52.228494" lon="-114.651887"><ele>989.0470526810798</ele><time>2026-09-05T20:42:02Z</time></trkpt><trkpt lat="52.22831" lon="-114.652218"><ele>986.9440645323339</ele><time>2026-09-05T20:42:11Z</time></trkpt><trkpt lat="52.228286" lon="-114.652264"><ele>986.85735213523</ele><time>2026-09-05T20:42:12Z</time></trkpt><trkpt lat="52.228123" lon="-114.65268"><ele>986.4356273358433</ele><time>2026-09-05T20:42:21Z</time></trkpt><trkpt lat="52.228101" lon="-114.652726"><ele>986.4338990625189</ele><time>2026-09-05T20:42:22Z</time></trkpt><trkpt lat="52.227998" lon="-114.652883"><ele>986.5489492826969</ele><time>2026-09-05T20:42:26Z</time></trkpt><trkpt lat="52.227931" lon="-114.652966"><ele>987.1156469475504</ele><time>2026-09-05T20:42:29Z</time></trkpt><trkpt lat="52.227889" lon="-114.653001"><ele>987.2070606171883</ele><time>2026-09-05T20:42:31Z</time></trkpt><trkpt lat="52.227866" lon="-114.653017"><ele>987.3456758450386</ele><time>2026-09-05T20:42:32Z</time></trkpt><trkpt lat="52.227737" lon="-114.653091"><ele>987.0913313571275</ele><time>2026-09-05T20:42:42Z</time></trkpt><trkpt lat="52.22768" lon="-114.653106"><ele>986.6873456378934</ele><time>2026-09-05T20:42:44Z</time></trkpt><trkpt lat="52.227645" lon="-114.653118"><ele>987.0105310472437</ele><time>2026-09-05T20:42:45Z</time></trkpt><trkpt lat="52.227516" lon="-114.653161"><ele>989.0912979461812</ele><time>2026-09-05T20:42:49Z</time></trkpt><trkpt lat="52.227401" lon="-114.653243"><ele>991.1290204193975</ele><time>2026-09-05T20:42:54Z</time></trkpt><trkpt lat="52.227375" lon="-114.653257"><ele>991.0728234659761</ele><time>2026-09-05T20:42:55Z</time></trkpt><trkpt lat="52.227319" lon="-114.653299"><ele>989.8547039091388</ele><time>2026-09-05T20:42:57Z</time></trkpt><trkpt lat="52.227166" lon="-114.65337"><ele>990.6270663319399</ele><time>2026-09-05T20:43:01Z</time></trkpt><trkpt lat="52.22708" lon="-114.653424"><ele>990.9531600045739</ele><time>2026-09-05T20:43:04Z</time></trkpt><trkpt lat="52.227049" lon="-114.653444"><ele>991.1366290178435</ele><time>2026-09-05T20:43:05Z</time></trkpt><trkpt lat="52.226732" lon="-114.6536"><ele>991.2088816603822</ele><time>2026-09-05T20:43:14Z</time></trkpt><trkpt lat="52.226697" lon="-114.653616"><ele>991.2757402525294</ele><time>2026-09-05T20:43:15Z</time></trkpt><trkpt lat="52.226623" lon="-114.653643"><ele>991.1465981384438</ele><time>2026-09-05T20:43:17Z</time></trkpt><trkpt lat="52.226548" lon="-114.653655"><ele>990.5590082752666</ele><time>2026-09-05T20:43:19Z</time></trkpt><trkpt lat="52.226338" lon="-114.653646"><ele>992.1266506685481</ele><time>2026-09-05T20:43:24Z</time></trkpt><trkpt lat="52.226297" lon="-114.653642"><ele>992.1328331091217</ele><time>2026-09-05T20:43:25Z</time></trkpt><trkpt lat="52.226119" lon="-114.653643"><ele>991.5174713465849</ele><time>2026-09-05T20:43:30Z</time></trkpt><trkpt lat="52.22598" lon="-114.653659"><ele>992.0530908652896</ele><time>2026-09-05T20:43:34Z</time></trkpt><trkpt lat="52.225943" lon="-114.653657"><ele>992.0557886661957</ele><time>2026-09-05T20:43:35Z</time></trkpt><trkpt lat="52.225877" lon="-114.653613"><ele>992.6218588686405</ele><time>2026-09-05T20:43:37Z</time></trkpt><trkpt lat="52.225686" lon="-114.653377"><ele>993.0718984344695</ele><time>2026-09-05T20:43:44Z</time></trkpt><trkpt lat="52.225659" lon="-114.653342"><ele>992.8322152132278</ele><time>2026-09-05T20:43:45Z</time></trkpt><trkpt lat="52.225472" lon="-114.653126"><ele>992.2459562846299</ele><time>2026-09-05T20:43:51Z</time></trkpt><trkpt lat="52.225405" lon="-114.653068"><ele>992.3495546462685</ele><time>2026-09-05T20:43:53Z</time></trkpt><trkpt lat="52.225372" lon="-114.653053"><ele>992.1061797720183</ele><time>2026-09-05T20:43:54Z</time></trkpt><trkpt lat="52.225346" lon="-114.653043"><ele>992.0712752252913</ele><time>2026-09-05T20:43:55Z</time></trkpt><trkpt lat="52.22529" lon="-114.653032"><ele>991.6446956549254</ele><time>2026-09-05T20:43:57Z</time></trkpt><trkpt lat="52.225273" lon="-114.653015"><ele>990.2249137460544</ele><time>2026-09-05T20:43:58Z</time></trkpt><trkpt lat="52.225255" lon="-114.652939"><ele>989.3072838467417</ele><time>2026-09-05T20:44:06Z</time></trkpt><trkpt lat="52.225199" lon="-114.652793"><ele>989.0824793962895</ele><time>2026-09-05T20:44:11Z</time></trkpt><trkpt lat="52.22518" lon="-114.652727"><ele>989.162754326229</ele><time>2026-09-05T20:44:12Z</time></trkpt><trkpt lat="52.225122" lon="-114.652517"><ele>990.3373983182171</ele><time>2026-09-05T20:44:15Z</time></trkpt><trkpt lat="52.225033" lon="-114.652251"><ele>992.3047831717897</ele><time>2026-09-05T20:44:19Z</time></trkpt><trkpt lat="52.224998" lon="-114.652111"><ele>992.8601064648603</ele><time>2026-09-05T20:44:21Z</time></trkpt><trkpt lat="52.224979" lon="-114.65204"><ele>992.8914206553302</ele><time>2026-09-05T20:44:22Z</time></trkpt><trkpt lat="52.224893" lon="-114.651623"><ele>993.7110183888416</ele><time>2026-09-05T20:44:28Z</time></trkpt><trkpt lat="52.224846" lon="-114.651461"><ele>994.6195042198924</ele><time>2026-09-05T20:44:31Z</time></trkpt><trkpt lat="52.224827" lon="-114.65141"><ele>994.4811308968106</ele><time>2026-09-05T20:44:32Z</time></trkpt><trkpt lat="52.224728" lon="-114.651107"><ele>994.1073366008201</ele><time>2026-09-05T20:44:38Z</time></trkpt><trkpt lat="52.224697" lon="-114.650968"><ele>994.2001630884288</ele><time>2026-09-05T20:44:41Z</time></trkpt><trkpt lat="52.224688" lon="-114.650919"><ele>994.203950229543</ele><time>2026-09-05T20:44:42Z</time></trkpt><trkpt lat="52.224627" lon="-114.650613"><ele>994.7902807579061</ele><time>2026-09-05T20:44:48Z</time></trkpt><trkpt lat="52.224626" lon="-114.650479"><ele>995.7499720930275</ele><time>2026-09-05T20:44:51Z</time></trkpt><trkpt lat="52.224636" lon="-114.650445"><ele>995.8225620413309</ele><time>2026-09-05T20:44:52Z</time></trkpt><trkpt lat="52.224795" lon="-114.650089"><ele>998.3606683683763</ele><time>2026-09-05T20:45:12Z</time></trkpt><trkpt lat="52.224814" lon="-114.650032"><ele>998.1244136682496</ele><time>2026-09-05T20:45:13Z</time></trkpt><trkpt lat="52.224858" lon="-114.649849"><ele>997.1369598942365</ele><time>2026-09-05T20:45:16Z</time></trkpt><trkpt lat="52.224952" lon="-114.649611"><ele>994.491158235163</ele><time>2026-09-05T20:45:22Z</time></trkpt><trkpt lat="52.224962" lon="-114.64959"><ele>994.5056366588749</ele><time>2026-09-05T20:45:23Z</time></trkpt><trkpt lat="52.224983" lon="-114.649559"><ele>993.2641426095789</ele><time>2026-09-05T20:45:33Z</time></trkpt><trkpt lat="52.225044" lon="-114.649409"><ele>992.5477884440759</ele><time>2026-09-05T20:45:58Z</time></trkpt></trkseg></trk><trk><name>Golf range trail</name><desc></desc><extensions><line xmlns="http://www.topografix.com/GPX/gpx_style/0/2"><color>784D3E</color></line></extensions><trkseg><trkpt lat="52.226053" lon="-114.647453"><ele>965.54150390625</ele><time>2026-08-23T22:07:07Z</time></trkpt><trkpt lat="52.22609" lon="-114.647542"><ele>967.49462890625</ele><time>2026-08-23T22:07:16Z</time></trkpt><trkpt lat="52.226096" lon="-114.647556"><ele>967.5736083984375</ele><time>2026-08-23T22:07:17Z</time></trkpt><trkpt lat="52.226198" lon="-114.647814"><ele>968.219482421875</ele><time>2026-08-23T22:07:33Z</time></trkpt><trkpt lat="52.226205" lon="-114.647831"><ele>968.551025390625</ele><time>2026-08-23T22:07:34Z</time></trkpt><trkpt lat="52.226315" lon="-114.648069"><ele>968.476806640625</ele><time>2026-08-23T22:07:49Z</time></trkpt><trkpt lat="52.226323" lon="-114.648086"><ele>968.090576171875</ele><time>2026-08-23T22:07:50Z</time></trkpt><trkpt lat="52.226434" lon="-114.648288"><ele>968.682861328125</ele><time>2026-08-23T22:08:03Z</time></trkpt><trkpt lat="52.226443" lon="-114.648304"><ele>968.77294921875</ele><time>2026-08-23T22:08:04Z</time></trkpt><trkpt lat="52.226549" lon="-114.648511"><ele>968.40087890625</ele><time>2026-08-23T22:08:17Z</time></trkpt><trkpt lat="52.226557" lon="-114.648527"><ele>968.369384765625</ele><time>2026-08-23T22:08:18Z</time></trkpt><trkpt lat="52.226669" lon="-114.648747"><ele>968.360107421875</ele><time>2026-08-23T22:08:31Z</time></trkpt><trkpt lat="52.226677" lon="-114.648762"><ele>968.239013671875</ele><time>2026-08-23T22:08:32Z</time></trkpt><trkpt lat="52.22679" lon="-114.649001"><ele>968.425537109375</ele><time>2026-08-23T22:08:46Z</time></trkpt><trkpt lat="52.226798" lon="-114.649017"><ele>968.3466796875</ele><time>2026-08-23T22:08:47Z</time></trkpt><trkpt lat="52.22691" lon="-114.649227"><ele>968.287841796875</ele><time>2026-08-23T22:09:00Z</time></trkpt><trkpt lat="52.226917" lon="-114.649246"><ele>968.21435546875</ele><time>2026-08-23T22:09:01Z</time></trkpt><trkpt lat="52.227011" lon="-114.649437"><ele>968.85693359375</ele><time>2026-08-23T22:09:12Z</time></trkpt><trkpt lat="52.227019" lon="-114.649454"><ele>968.7890625</ele><time>2026-08-23T22:09:13Z</time></trkpt><trkpt lat="52.227107" lon="-114.649652"><ele>968.945068359375</ele><time>2026-08-23T22:09:24Z</time></trkpt><trkpt lat="52.227113" lon="-114.64967"><ele>968.983154296875</ele><time>2026-08-23T22:09:25Z</time></trkpt><trkpt lat="52.227212" lon="-114.649884"><ele>968.5423583984375</ele><time>2026-08-23T22:09:38Z</time></trkpt><trkpt lat="52.227221" lon="-114.649902"><ele>968.490234375</ele><time>2026-08-23T22:09:39Z</time></trkpt><trkpt lat="52.227315" lon="-114.650097"><ele>968.0030517578125</ele><time>2026-08-23T22:09:50Z</time></trkpt><trkpt lat="52.227323" lon="-114.650113"><ele>967.9539794921875</ele><time>2026-08-23T22:09:51Z</time></trkpt><trkpt lat="52.227442" lon="-114.65036"><ele>968.689208984375</ele><time>2026-08-23T22:10:07Z</time></trkpt><trkpt lat="52.227447" lon="-114.650368"><ele>968.625</ele><time>2026-08-23T22:10:08Z</time></trkpt><trkpt lat="52.227575" lon="-114.650606"><ele>968.262451171875</ele><time>2026-08-23T22:10:25Z</time></trkpt><trkpt lat="52.227582" lon="-114.650622"><ele>968.313232421875</ele><time>2026-08-23T22:10:26Z</time></trkpt><trkpt lat="52.227699" lon="-114.650823"><ele>968.34716796875</ele><time>2026-08-23T22:10:39Z</time></trkpt><trkpt lat="52.227708" lon="-114.650838"><ele>968.3626708984375</ele><time>2026-08-23T22:10:40Z</time></trkpt><trkpt lat="52.227797" lon="-114.651038"><ele>968.4659423828125</ele><time>2026-08-23T22:10:51Z</time></trkpt><trkpt lat="52.227806" lon="-114.651059"><ele>968.468505859375</ele><time>2026-08-23T22:10:52Z</time></trkpt><trkpt lat="52.227924" lon="-114.651259"><ele>967.793701171875</ele><time>2026-08-23T22:11:05Z</time></trkpt><trkpt lat="52.227932" lon="-114.651276"><ele>967.52587890625</ele><time>2026-08-23T22:11:06Z</time></trkpt><trkpt lat="52.228044" lon="-114.651462"><ele>967.7430419921875</ele><time>2026-08-23T22:11:18Z</time></trkpt><trkpt lat="52.228053" lon="-114.651479"><ele>967.6103515625</ele><time>2026-08-23T22:11:19Z</time></trkpt><trkpt lat="52.228177" lon="-114.651721"><ele>968.2978515625</ele><time>2026-08-23T22:11:34Z</time></trkpt><trkpt lat="52.228185" lon="-114.651737"><ele>968.21240234375</ele><time>2026-08-23T22:11:35Z</time></trkpt><trkpt lat="52.22831" lon="-114.651972"><ele>969.2061767578125</ele><time>2026-08-23T22:11:50Z</time></trkpt><trkpt lat="52.228319" lon="-114.651987"><ele>969.228515625</ele><time>2026-08-23T22:11:51Z</time></trkpt><trkpt lat="52.228379" lon="-114.652077"><ele>969.7325439453125</ele><time>2026-08-23T22:11:59Z</time></trkpt><trkpt lat="52.228391" lon="-114.652115"><ele>970.310546875</ele><time>2026-08-23T22:12:08Z</time></trkpt></trkseg></trk><trk><name>Achreage perimeter </name><desc></desc><extensions><line xmlns="http://www.topografix.com/GPX/gpx_style/0/2"><color>FF6200</color></line></extensions><trkseg><trkpt lat="52.230039" lon="-114.644557"><ele>976.845947265625</ele><time>2026-08-23T21:33:32Z</time></trkpt><trkpt lat="52.23004" lon="-114.644549"><ele>976.9541015625</ele><time>2026-08-23T21:33:41Z</time></trkpt><trkpt lat="52.23004" lon="-114.644549"><ele>976.957275390625</ele><time>2026-08-23T21:33:42Z</time></trkpt><trkpt lat="52.230221" lon="-114.644545"><ele>975.936279296875</ele><time>2026-08-23T21:34:04Z</time></trkpt><trkpt lat="52.230234" lon="-114.644544"><ele>976.0361328125</ele><time>2026-08-23T21:34:05Z</time></trkpt><trkpt lat="52.23041" lon="-114.644537"><ele>976.0657958984375</ele><time>2026-08-23T21:34:19Z</time></trkpt><trkpt lat="52.230424" lon="-114.644536"><ele>976.0224609375</ele><time>2026-08-23T21:34:20Z</time></trkpt><trkpt lat="52.230603" lon="-114.644546"><ele>975.0699462890625</ele><time>2026-08-23T21:34:34Z</time></trkpt><trkpt lat="52.230616" lon="-114.644549"><ele>974.944580078125</ele><time>2026-08-23T21:34:35Z</time></trkpt><trkpt lat="52.230674" lon="-114.644557"><ele>974.709228515625</ele><time>2026-08-23T21:34:41Z</time></trkpt></trkseg><trkseg><trkpt lat="52.230655" lon="-114.644524"><ele>973.4698486328125</ele><time>2026-08-23T21:34:52Z</time></trkpt><trkpt lat="52.230667" lon="-114.644534"><ele>973.74951171875</ele><time>2026-08-23T21:34:53Z</time></trkpt><trkpt lat="52.230811" lon="-114.644549"><ele>975.03173828125</ele><time>2026-08-23T21:35:04Z</time></trkpt><trkpt lat="52.230823" lon="-114.644551"><ele>974.934326171875</ele><time>2026-08-23T21:35:05Z</time></trkpt><trkpt lat="52.231007" lon="-114.644547"><ele>975.22412109375</ele><time>2026-08-23T21:35:20Z</time></trkpt><trkpt lat="52.23102" lon="-114.644545"><ele>975.15673828125</ele><time>2026-08-23T21:35:21Z</time></trkpt><trkpt lat="52.23111" lon="-114.644532"><ele>975.4927978515625</ele><time>2026-08-23T21:35:28Z</time></trkpt><trkpt lat="52.231214" lon="-114.644535"><ele>975.492919921875</ele><time>2026-08-23T21:35:36Z</time></trkpt><trkpt lat="52.231228" lon="-114.644536"><ele>975.57275390625</ele><time>2026-08-23T21:35:37Z</time></trkpt><trkpt lat="52.231365" lon="-114.644532"><ele>975.78076171875</ele><time>2026-08-23T21:35:47Z</time></trkpt><trkpt lat="52.231378" lon="-114.644532"><ele>975.555908203125</ele><time>2026-08-23T21:35:48Z</time></trkpt><trkpt lat="52.231443" lon="-114.644547"><ele>975.181640625</ele><time>2026-08-23T21:35:53Z</time></trkpt><trkpt lat="52.231539" lon="-114.644551"><ele>973.3447265625</ele><time>2026-08-23T21:36:01Z</time></trkpt><trkpt lat="52.23156" lon="-114.644576"><ele>973.0740966796875</ele><time>2026-08-23T21:36:03Z</time></trkpt><trkpt lat="52.231566" lon="-114.6446"><ele>972.6142578125</ele><time>2026-08-23T21:36:04Z</time></trkpt><trkpt lat="52.231563" lon="-114.64462"><ele>972.4443359375</ele><time>2026-08-23T21:36:05Z</time></trkpt><trkpt lat="52.231548" lon="-114.644743"><ele>972.310791015625</ele><time>2026-08-23T21:36:12Z</time></trkpt><trkpt lat="52.231552" lon="-114.644916"><ele>971.203857421875</ele><time>2026-08-23T21:36:21Z</time></trkpt><trkpt lat="52.231552" lon="-114.644939"><ele>971.2996826171875</ele><time>2026-08-23T21:36:22Z</time></trkpt><trkpt lat="52.231552" lon="-114.645206"><ele>970.343505859375</ele><time>2026-08-23T21:36:35Z</time></trkpt><trkpt lat="52.231551" lon="-114.645226"><ele>970.522705078125</ele><time>2026-08-23T21:36:36Z</time></trkpt><trkpt lat="52.231554" lon="-114.645519"><ele>970.108154296875</ele><time>2026-08-23T21:36:50Z</time></trkpt><trkpt lat="52.231555" lon="-114.645539"><ele>970.205078125</ele><time>2026-08-23T21:36:51Z</time></trkpt><trkpt lat="52.231563" lon="-114.645824"><ele>970.9857177734375</ele><time>2026-08-23T21:37:05Z</time></trkpt><trkpt lat="52.231564" lon="-114.645843"><ele>971.022216796875</ele><time>2026-08-23T21:37:06Z</time></trkpt><trkpt lat="52.231563" lon="-114.64614"><ele>971.879638671875</ele><time>2026-08-23T21:37:20Z</time></trkpt><trkpt lat="52.231564" lon="-114.646159"><ele>971.87841796875</ele><time>2026-08-23T21:37:21Z</time></trkpt><trkpt lat="52.231557" lon="-114.646249"><ele>971.89599609375</ele><time>2026-08-23T21:37:26Z</time></trkpt><trkpt lat="52.231566" lon="-114.646444"><ele>971.844970703125</ele><time>2026-08-23T21:37:36Z</time></trkpt><trkpt lat="52.231567" lon="-114.646462"><ele>971.798583984375</ele><time>2026-08-23T21:37:37Z</time></trkpt><trkpt lat="52.231573" lon="-114.646776"><ele>972.269775390625</ele><time>2026-08-23T21:37:52Z</time></trkpt><trkpt lat="52.231572" lon="-114.646794"><ele>972.3157958984375</ele><time>2026-08-23T21:37:53Z</time></trkpt><trkpt lat="52.231566" lon="-114.64693"><ele>972.4873046875</ele><time>2026-08-23T21:38:00Z</time></trkpt><trkpt lat="52.231544" lon="-114.646941"><ele>972.20849609375</ele><time>2026-08-23T21:38:02Z</time></trkpt><trkpt lat="52.231456" lon="-114.646927"><ele>972.3653564453125</ele><time>2026-08-23T21:38:09Z</time></trkpt><trkpt lat="52.231445" lon="-114.646925"><ele>972.408447265625</ele><time>2026-08-23T21:38:10Z</time></trkpt><trkpt lat="52.23128" lon="-114.646912"><ele>972.54638671875</ele><time>2026-08-23T21:38:28Z</time></trkpt><trkpt lat="52.231264" lon="-114.64691"><ele>972.37939453125</ele><time>2026-08-23T21:38:29Z</time></trkpt><trkpt lat="52.231117" lon="-114.64692"><ele>972.0653076171875</ele><time>2026-08-23T21:38:40Z</time></trkpt><trkpt lat="52.231103" lon="-114.64692"><ele>972.642578125</ele><time>2026-08-23T21:38:41Z</time></trkpt><trkpt lat="52.230998" lon="-114.646925"><ele>972.041015625</ele><time>2026-08-23T21:38:50Z</time></trkpt><trkpt lat="52.230924" lon="-114.646919"><ele>972.0665283203125</ele><time>2026-08-23T21:38:56Z</time></trkpt><trkpt lat="52.230912" lon="-114.64692"><ele>972.104248046875</ele><time>2026-08-23T21:38:57Z</time></trkpt><trkpt lat="52.230752" lon="-114.646916"><ele>972.008056640625</ele><time>2026-08-23T21:39:09Z</time></trkpt><trkpt lat="52.230739" lon="-114.646917"><ele>971.9422607421875</ele><time>2026-08-23T21:39:10Z</time></trkpt><trkpt lat="52.230576" lon="-114.646911"><ele>972.007080078125</ele><time>2026-08-23T21:39:21Z</time></trkpt><trkpt lat="52.230559" lon="-114.64691"><ele>972.09423828125</ele><time>2026-08-23T21:39:22Z</time></trkpt><trkpt lat="52.23041" lon="-114.646909"><ele>972.52001953125</ele><time>2026-08-23T21:39:31Z</time></trkpt><trkpt lat="52.230395" lon="-114.646909"><ele>972.626708984375</ele><time>2026-08-23T21:39:32Z</time></trkpt><trkpt lat="52.230247" lon="-114.646914"><ele>973.6319580078125</ele><time>2026-08-23T21:39:41Z</time></trkpt><trkpt lat="52.23023" lon="-114.646915"><ele>973.746337890625</ele><time>2026-08-23T21:39:42Z</time></trkpt><trkpt lat="52.230068" lon="-114.646914"><ele>974.588623046875</ele><time>2026-08-23T21:39:53Z</time></trkpt><trkpt lat="52.230061" lon="-114.646899"><ele>974.852294921875</ele><time>2026-08-23T21:39:54Z</time></trkpt><trkpt lat="52.230065" lon="-114.646841"><ele>974.91943359375</ele><time>2026-08-23T21:39:57Z</time></trkpt><trkpt lat="52.230098" lon="-114.646786"><ele>975.008544921875</ele><time>2026-08-23T21:40:00Z</time></trkpt><trkpt lat="52.230078" lon="-114.646644"><ele>975.45263671875</ele><time>2026-08-23T21:40:06Z</time></trkpt><trkpt lat="52.230078" lon="-114.646619"><ele>975.4500732421875</ele><time>2026-08-23T21:40:07Z</time></trkpt><trkpt lat="52.23006" lon="-114.646376"><ele>974.61962890625</ele><time>2026-08-23T21:40:16Z</time></trkpt><trkpt lat="52.230059" lon="-114.646342"><ele>974.558837890625</ele><time>2026-08-23T21:40:17Z</time></trkpt><trkpt lat="52.230057" lon="-114.646059"><ele>974.568115234375</ele><time>2026-08-23T21:40:26Z</time></trkpt><trkpt lat="52.230056" lon="-114.646029"><ele>974.52490234375</ele><time>2026-08-23T21:40:27Z</time></trkpt><trkpt lat="52.230052" lon="-114.64577"><ele>974.771728515625</ele><time>2026-08-23T21:40:36Z</time></trkpt><trkpt lat="52.230051" lon="-114.645744"><ele>974.878173828125</ele><time>2026-08-23T21:40:37Z</time></trkpt><trkpt lat="52.230049" lon="-114.645512"><ele>974.97607421875</ele><time>2026-08-23T21:40:46Z</time></trkpt><trkpt lat="52.230049" lon="-114.645486"><ele>975.005615234375</ele><time>2026-08-23T21:40:47Z</time></trkpt><trkpt lat="52.230046" lon="-114.645228"><ele>976.00244140625</ele><time>2026-08-23T21:40:57Z</time></trkpt><trkpt lat="52.230046" lon="-114.645198"><ele>976.0732421875</ele><time>2026-08-23T21:40:58Z</time></trkpt><trkpt lat="52.230043" lon="-114.644911"><ele>975.955078125</ele><time>2026-08-23T21:41:07Z</time></trkpt><trkpt lat="52.230044" lon="-114.644879"><ele>975.807373046875</ele><time>2026-08-23T21:41:08Z</time></trkpt><trkpt lat="52.23004" lon="-114.644616"><ele>975.4576416015625</ele><time>2026-08-23T21:41:22Z</time></trkpt><trkpt lat="52.230041" lon="-114.6446"><ele>975.1295166015625</ele><time>2026-08-23T21:41:23Z</time></trkpt><trkpt lat="52.230044" lon="-114.64455"><ele>975.62939453125</ele><time>2026-08-23T21:41:33Z</time></trkpt></trkseg></trk><trk><name>Larry's Crossing</name><desc></desc><extensions><line xmlns="http://www.topografix.com/GPX/gpx_style/0/2"><color>4ABD32</color></line></extensions><trkseg><trkpt lat="52.228381" lon="-114.652105"><ele>986.7471016710432</ele><time>2026-09-05T22:27:57Z</time></trkpt><trkpt lat="52.228401" lon="-114.652088"><ele>986.607136612414</ele><time>2026-09-05T22:28:04Z</time></trkpt><trkpt lat="52.228445" lon="-114.652108"><ele>986.6680978630066</ele><time>2026-09-05T22:28:06Z</time></trkpt><trkpt lat="52.228467" lon="-114.652127"><ele>986.4357728486239</ele><time>2026-09-05T22:28:07Z</time></trkpt><trkpt lat="52.228513" lon="-114.652193"><ele>986.6788183094984</ele><time>2026-09-05T22:28:09Z</time></trkpt><trkpt lat="52.228602" lon="-114.652355"><ele>986.1509383765398</ele><time>2026-09-05T22:28:13Z</time></trkpt><trkpt lat="52.228687" lon="-114.652464"><ele>986.6228729913876</ele><time>2026-09-05T22:28:16Z</time></trkpt><trkpt lat="52.228718" lon="-114.652493"><ele>986.6836638683202</ele><time>2026-09-05T22:28:17Z</time></trkpt><trkpt lat="52.228777" lon="-114.652532"><ele>986.992443185845</ele><time>2026-09-05T22:28:19Z</time></trkpt><trkpt lat="52.228897" lon="-114.652543"><ele>987.2785080760514</ele><time>2026-09-05T22:28:23Z</time></trkpt><trkpt lat="52.228978" lon="-114.652599"><ele>987.4686621937715</ele><time>2026-09-05T22:28:26Z</time></trkpt><trkpt lat="52.228999" lon="-114.652613"><ele>987.3521749072931</ele><time>2026-09-05T22:28:27Z</time></trkpt><trkpt lat="52.229147" lon="-114.652742"><ele>988.1383816866332</ele><time>2026-09-05T22:28:33Z</time></trkpt><trkpt lat="52.229182" lon="-114.65275"><ele>989.4983804353867</ele><time>2026-09-05T22:28:35Z</time></trkpt><trkpt lat="52.229206" lon="-114.652745"><ele>988.4847303736572</ele><time>2026-09-05T22:28:36Z</time></trkpt><trkpt lat="52.229229" lon="-114.65274"><ele>988.9899250174176</ele><time>2026-09-05T22:28:37Z</time></trkpt><trkpt lat="52.229275" lon="-114.652741"><ele>989.0965920457346</ele><time>2026-09-05T22:28:39Z</time></trkpt><trkpt lat="52.229297" lon="-114.652751"><ele>988.6481228200531</ele><time>2026-09-05T22:28:40Z</time></trkpt><trkpt lat="52.229353" lon="-114.652797"><ele>989.3926644086046</ele><time>2026-09-05T22:28:42Z</time></trkpt><trkpt lat="52.229391" lon="-114.652851"><ele>988.9035893346993</ele><time>2026-09-05T22:28:44Z</time></trkpt><trkpt lat="52.229433" lon="-114.652865"><ele>989.922337922193</ele><time>2026-09-05T22:28:46Z</time></trkpt><trkpt lat="52.229462" lon="-114.652868"><ele>989.8498428385285</ele><time>2026-09-05T22:28:47Z</time></trkpt><trkpt lat="52.229544" lon="-114.652878"><ele>989.7359547759061</ele><time>2026-09-05T22:28:50Z</time></trkpt><trkpt lat="52.229568" lon="-114.652889"><ele>989.6219533856066</ele><time>2026-09-05T22:28:51Z</time></trkpt><trkpt lat="52.229603" lon="-114.65292"><ele>989.6049872327619</ele><time>2026-09-05T22:28:53Z</time></trkpt><trkpt lat="52.229652" lon="-114.652989"><ele>988.6652114754035</ele><time>2026-09-05T22:28:56Z</time></trkpt><trkpt lat="52.229668" lon="-114.653016"><ele>988.8223872208781</ele><time>2026-09-05T22:28:57Z</time></trkpt><trkpt lat="52.229702" lon="-114.653076"><ele>988.5540483870205</ele><time>2026-09-05T22:28:59Z</time></trkpt><trkpt lat="52.229795" lon="-114.65313"><ele>988.5344442630512</ele><time>2026-09-05T22:29:03Z</time></trkpt><trkpt lat="52.229853" lon="-114.653183"><ele>989.827998199562</ele><time>2026-09-05T22:29:06Z</time></trkpt><trkpt lat="52.229873" lon="-114.653205"><ele>989.9179941429563</ele><time>2026-09-05T22:29:07Z</time></trkpt><trkpt lat="52.229906" lon="-114.653255"><ele>988.5483060915152</ele><time>2026-09-05T22:29:18Z</time></trkpt><trkpt lat="52.229908" lon="-114.653304"><ele>987.4737596562571</ele><time>2026-09-05T22:29:27Z</time></trkpt><trkpt lat="52.229877" lon="-114.653541"><ele>987.1863187378041</ele><time>2026-09-05T22:29:32Z</time></trkpt><trkpt lat="52.229875" lon="-114.6536"><ele>987.2256498771967</ele><time>2026-09-05T22:29:33Z</time></trkpt><trkpt lat="52.229862" lon="-114.653697"><ele>987.3669587511063</ele><time>2026-09-05T22:29:45Z</time></trkpt><trkpt lat="52.229869" lon="-114.653954"><ele>985.6408726842789</ele><time>2026-09-05T22:29:53Z</time></trkpt><trkpt lat="52.229874" lon="-114.654003"><ele>985.6947310082658</ele><time>2026-09-05T22:29:54Z</time></trkpt><trkpt lat="52.229878" lon="-114.654253"><ele>985.7481156413784</ele><time>2026-09-05T22:30:00Z</time></trkpt><trkpt lat="52.229852" lon="-114.654381"><ele>985.85622407331</ele><time>2026-09-05T22:30:03Z</time></trkpt><trkpt lat="52.229835" lon="-114.654421"><ele>985.8628603607076</ele><time>2026-09-05T22:30:04Z</time></trkpt><trkpt lat="52.22965" lon="-114.654799"><ele>985.3466935456622</ele><time>2026-09-05T22:30:13Z</time></trkpt><trkpt lat="52.229633" lon="-114.65483"><ele>985.3665333779314</ele><time>2026-09-05T22:30:14Z</time></trkpt><trkpt lat="52.229592" lon="-114.654892"><ele>986.2181019875885</ele><time>2026-09-05T22:30:29Z</time></trkpt><trkpt lat="52.229569" lon="-114.654904"><ele>986.0034868189359</ele><time>2026-09-05T22:30:30Z</time></trkpt><trkpt lat="52.229518" lon="-114.654903"><ele>985.9267128384408</ele><time>2026-09-05T22:30:32Z</time></trkpt><trkpt lat="52.229492" lon="-114.654893"><ele>986.0700847482251</ele><time>2026-09-05T22:30:34Z</time></trkpt><trkpt lat="52.2295" lon="-114.654882"><ele>985.9721798438834</ele><time>2026-09-05T22:30:42Z</time></trkpt></trkseg></trk><trk><name>Trail Home</name><desc></desc><extensions><line xmlns="http://www.topografix.com/GPX/gpx_style/0/2"><color>FF6200</color></line></extensions><trkseg><trkpt lat="52.228374" lon="-114.652083"><ele>986.9883462178416</ele><time>2026-09-05T22:36:29Z</time></trkpt><trkpt lat="52.228345" lon="-114.65201"><ele>987.2780889425153</ele><time>2026-09-05T22:36:37Z</time></trkpt><trkpt lat="52.228321" lon="-114.651975"><ele>987.2010014039148</ele><time>2026-09-05T22:36:38Z</time></trkpt><trkpt lat="52.228298" lon="-114.651941"><ele>987.2863868164782</ele><time>2026-09-05T22:36:39Z</time></trkpt><trkpt lat="52.228272" lon="-114.651852"><ele>986.7708929102195</ele><time>2026-09-05T22:36:41Z</time></trkpt><trkpt lat="52.228258" lon="-114.651504"><ele>985.5914281722576</ele><time>2026-09-05T22:36:48Z</time></trkpt><trkpt lat="52.228249" lon="-114.651461"><ele>985.5734555104616</ele><time>2026-09-05T22:36:49Z</time></trkpt><trkpt lat="52.228117" lon="-114.651209"><ele>985.420846001458</ele><time>2026-09-05T22:36:55Z</time></trkpt><trkpt lat="52.228067" lon="-114.651081"><ele>985.7561976004117</ele><time>2026-09-05T22:36:58Z</time></trkpt><trkpt lat="52.22805" lon="-114.651039"><ele>985.696034217499</ele><time>2026-09-05T22:36:59Z</time></trkpt><trkpt lat="52.227896" lon="-114.650744"><ele>987.2669990619327</ele><time>2026-09-05T22:37:05Z</time></trkpt><trkpt lat="52.227865" lon="-114.650694"><ele>987.3426626243393</ele><time>2026-09-05T22:37:06Z</time></trkpt><trkpt lat="52.22779" lon="-114.650629"><ele>986.0712798347558</ele><time>2026-09-05T22:37:08Z</time></trkpt><trkpt lat="52.227751" lon="-114.650587"><ele>986.0191328115732</ele><time>2026-09-05T22:37:09Z</time></trkpt><trkpt lat="52.227711" lon="-114.650538"><ele>986.4609915922013</ele><time>2026-09-05T22:37:10Z</time></trkpt><trkpt lat="52.227631" lon="-114.650403"><ele>986.2894558845562</ele><time>2026-09-05T22:37:13Z</time></trkpt><trkpt lat="52.227578" lon="-114.650257"><ele>984.9374795832531</ele><time>2026-09-05T22:37:16Z</time></trkpt><trkpt lat="52.227532" lon="-114.650168"><ele>984.9759406887777</ele><time>2026-09-05T22:37:18Z</time></trkpt><trkpt lat="52.227503" lon="-114.650124"><ele>985.3154775435124</ele><time>2026-09-05T22:37:19Z</time></trkpt><trkpt lat="52.227455" lon="-114.65002"><ele>985.7666443331061</ele><time>2026-09-05T22:37:21Z</time></trkpt><trkpt lat="52.227415" lon="-114.649872"><ele>986.7959240130864</ele><time>2026-09-05T22:37:24Z</time></trkpt><trkpt lat="52.227331" lon="-114.649752"><ele>986.4999627713125</ele><time>2026-09-05T22:37:27Z</time></trkpt><trkpt lat="52.227311" lon="-114.649705"><ele>986.8998355703923</ele><time>2026-09-05T22:37:28Z</time></trkpt><trkpt lat="52.227294" lon="-114.64966"><ele>987.1619465326429</ele><time>2026-09-05T22:37:29Z</time></trkpt><trkpt lat="52.227219" lon="-114.649496"><ele>987.7583307905326</ele><time>2026-09-05T22:37:33Z</time></trkpt><trkpt lat="52.227168" lon="-114.64925"><ele>987.5500643216513</ele><time>2026-09-05T22:37:38Z</time></trkpt><trkpt lat="52.227149" lon="-114.649203"><ele>987.2149333570197</ele><time>2026-09-05T22:37:39Z</time></trkpt><trkpt lat="52.227057" lon="-114.649025"><ele>986.3049669607801</ele><time>2026-09-05T22:37:43Z</time></trkpt><trkpt lat="52.226966" lon="-114.648761"><ele>986.7823391801783</ele><time>2026-09-05T22:37:48Z</time></trkpt><trkpt lat="52.226941" lon="-114.648717"><ele>986.8288647770637</ele><time>2026-09-05T22:37:49Z</time></trkpt><trkpt lat="52.226885" lon="-114.64863"><ele>986.4251762449242</ele><time>2026-09-05T22:37:51Z</time></trkpt><trkpt lat="52.226848" lon="-114.648529"><ele>986.0220608238998</ele><time>2026-09-05T22:37:53Z</time></trkpt><trkpt lat="52.226802" lon="-114.648446"><ele>986.5259414829364</ele><time>2026-09-05T22:37:55Z</time></trkpt><trkpt lat="52.226709" lon="-114.64835"><ele>986.3799901914472</ele><time>2026-09-05T22:37:58Z</time></trkpt><trkpt lat="52.226677" lon="-114.648313"><ele>986.6908850633314</ele><time>2026-09-05T22:37:59Z</time></trkpt><trkpt lat="52.226647" lon="-114.648269"><ele>987.0915637190895</ele><time>2026-09-05T22:38:00Z</time></trkpt><trkpt lat="52.226564" lon="-114.648066"><ele>987.3243794276998</ele><time>2026-09-05T22:38:04Z</time></trkpt><trkpt lat="52.226454" lon="-114.647883"><ele>988.5830916172831</ele><time>2026-09-05T22:38:08Z</time></trkpt><trkpt lat="52.226437" lon="-114.64783"><ele>989.0523708872731</ele><time>2026-09-05T22:38:09Z</time></trkpt><trkpt lat="52.226321" lon="-114.647395"><ele>992.24888271025</ele><time>2026-09-05T22:38:18Z</time></trkpt><trkpt lat="52.226312" lon="-114.647344"><ele>992.1506384732845</ele><time>2026-09-05T22:38:19Z</time></trkpt><trkpt lat="52.226294" lon="-114.64724"><ele>992.074925016703</ele><time>2026-09-05T22:38:21Z</time></trkpt><trkpt lat="52.226181" lon="-114.647028"><ele>992.5018779528549</ele><time>2026-09-05T22:38:56Z</time></trkpt><trkpt lat="52.226163" lon="-114.646991"><ele>992.5443836039483</ele><time>2026-09-05T22:38:57Z</time></trkpt><trkpt lat="52.22608" lon="-114.646815"><ele>990.9356181554444</ele><time>2026-09-05T22:39:01Z</time></trkpt><trkpt lat="52.22607" lon="-114.646738"><ele>990.6045509856547</ele><time>2026-09-05T22:39:03Z</time></trkpt><trkpt lat="52.226078" lon="-114.646654"><ele>990.8024074488567</ele><time>2026-09-05T22:39:06Z</time></trkpt><trkpt lat="52.226076" lon="-114.646649"><ele>990.9872669837564</ele><time>2026-09-05T22:39:07Z</time></trkpt><trkpt lat="52.226076" lon="-114.646652"><ele>990.9341093102975</ele><time>2026-09-05T22:39:09Z</time></trkpt></trkseg></trk><trk><name>Warren Trail</name><desc></desc><extensions><line xmlns="http://www.topografix.com/GPX/gpx_style/0/2"><color>E834EC</color></line></extensions><trkseg><trkpt lat="52.226671" lon="-114.652985"><ele>987.1536064079864</ele><time>2026-09-05T21:53:07Z</time></trkpt><trkpt lat="52.22665" lon="-114.653044"><ele>988.994947200288</ele><time>2026-09-05T21:53:09Z</time></trkpt><trkpt lat="52.22668" lon="-114.653145"><ele>989.7452138354175</ele><time>2026-09-05T21:53:14Z</time></trkpt><trkpt lat="52.226662" lon="-114.653182"><ele>991.6872416248225</ele><time>2026-09-05T21:53:16Z</time></trkpt><trkpt lat="52.226641" lon="-114.653193"><ele>992.4575978102393</ele><time>2026-09-05T21:53:17Z</time></trkpt><trkpt lat="52.226593" lon="-114.653195"><ele>993.6910931795182</ele><time>2026-09-05T21:53:19Z</time></trkpt><trkpt lat="52.226568" lon="-114.653211"><ele>994.1355159635821</ele><time>2026-09-05T21:53:20Z</time></trkpt><trkpt lat="52.226484" lon="-114.65332"><ele>995.6473971821817</ele><time>2026-09-05T21:53:24Z</time></trkpt><trkpt lat="52.226461" lon="-114.653333"><ele>995.9514190483821</ele><time>2026-09-05T21:53:25Z</time></trkpt><trkpt lat="52.22644" lon="-114.653328"><ele>994.7418211664228</ele><time>2026-09-05T21:53:26Z</time></trkpt><trkpt lat="52.226415" lon="-114.653337"><ele>994.6958592663623</ele><time>2026-09-05T21:53:27Z</time></trkpt><trkpt lat="52.226328" lon="-114.653383"><ele>994.7604765317413</ele><time>2026-09-05T21:53:30Z</time></trkpt><trkpt lat="52.226198" lon="-114.653387"><ele>994.5215618327339</ele><time>2026-09-05T21:53:34Z</time></trkpt><trkpt lat="52.226148" lon="-114.65337"><ele>994.8058982700338</ele><time>2026-09-05T21:53:36Z</time></trkpt><trkpt lat="52.226129" lon="-114.653369"><ele>994.99979915144</ele><time>2026-09-05T21:53:37Z</time></trkpt><trkpt lat="52.226116" lon="-114.653373"><ele>995.2531524488741</ele><time>2026-09-05T21:53:41Z</time></trkpt></trkseg></trk><trk><name>Finley Trail</name><desc></desc><extensions><line xmlns="http://www.topografix.com/GPX/gpx_style/0/2"><color>FF9D00</color></line></extensions><trkseg><trkpt lat="52.225004" lon="-114.649553"><ele>995.5907216664298</ele><time>2026-09-05T21:36:35Z</time></trkpt><trkpt lat="52.225048" lon="-114.649585"><ele>995.5326357055272</ele><time>2026-09-05T21:36:44Z</time></trkpt><trkpt lat="52.225046" lon="-114.649585"><ele>995.5224574015166</ele><time>2026-09-05T21:36:45Z</time></trkpt><trkpt lat="52.225209" lon="-114.649717"><ele>994.5758101010509</ele><time>2026-09-05T21:37:13Z</time></trkpt><trkpt lat="52.225235" lon="-114.649731"><ele>994.7104563318939</ele><time>2026-09-05T21:37:14Z</time></trkpt><trkpt lat="52.225284" lon="-114.649765"><ele>995.0350005481786</ele><time>2026-09-05T21:37:16Z</time></trkpt><trkpt lat="52.225341" lon="-114.649832"><ele>994.0666933679544</ele><time>2026-09-05T21:37:19Z</time></trkpt><trkpt lat="52.225407" lon="-114.649976"><ele>994.0600004655854</ele><time>2026-09-05T21:37:23Z</time></trkpt><trkpt lat="52.225428" lon="-114.650013"><ele>994.5371464761323</ele><time>2026-09-05T21:37:24Z</time></trkpt><trkpt lat="52.225455" lon="-114.650087"><ele>995.8846922935588</ele><time>2026-09-05T21:37:27Z</time></trkpt><trkpt lat="52.225556" lon="-114.650231"><ele>995.9025677490722</ele><time>2026-09-05T21:37:51Z</time></trkpt><trkpt lat="52.225575" lon="-114.650262"><ele>996.3935744312525</ele><time>2026-09-05T21:37:52Z</time></trkpt><trkpt lat="52.225679" lon="-114.650425"><ele>994.801778447241</ele><time>2026-09-05T21:37:58Z</time></trkpt><trkpt lat="52.225713" lon="-114.650518"><ele>995.7586575149514</ele><time>2026-09-05T21:38:01Z</time></trkpt><trkpt lat="52.225721" lon="-114.65056"><ele>996.9193958287633</ele><time>2026-09-05T21:38:02Z</time></trkpt><trkpt lat="52.225748" lon="-114.650838"><ele>998.5307011408084</ele><time>2026-09-05T21:38:08Z</time></trkpt><trkpt lat="52.225759" lon="-114.650887"><ele>997.7076173014616</ele><time>2026-09-05T21:38:09Z</time></trkpt><trkpt lat="52.225802" lon="-114.650976"><ele>997.1484637982874</ele><time>2026-09-05T21:38:11Z</time></trkpt><trkpt lat="52.225828" lon="-114.651013"><ele>997.1268768410338</ele><time>2026-09-05T21:38:12Z</time></trkpt><trkpt lat="52.225924" lon="-114.651105"><ele>996.4779817975314</ele><time>2026-09-05T21:38:15Z</time></trkpt><trkpt lat="52.226021" lon="-114.651148"><ele>996.1591438943703</ele><time>2026-09-05T21:38:17Z</time></trkpt><trkpt lat="52.226091" lon="-114.651236"><ele>996.1726240900105</ele><time>2026-09-05T21:38:19Z</time></trkpt><trkpt lat="52.226142" lon="-114.651329"><ele>996.5911996542161</ele><time>2026-09-05T21:38:21Z</time></trkpt><trkpt lat="52.226163" lon="-114.651375"><ele>996.5645744041074</ele><time>2026-09-05T21:38:22Z</time></trkpt><trkpt lat="52.226196" lon="-114.651464"><ele>996.86219372018</ele><time>2026-09-05T21:38:24Z</time></trkpt><trkpt lat="52.226201" lon="-114.651514"><ele>996.8237418102848</ele><time>2026-09-05T21:38:25Z</time></trkpt><trkpt lat="52.2262" lon="-114.651878"><ele>998.2860237806804</ele><time>2026-09-05T21:38:31Z</time></trkpt><trkpt lat="52.226196" lon="-114.651927"><ele>998.400161758658</ele><time>2026-09-05T21:38:32Z</time></trkpt><trkpt lat="52.226186" lon="-114.651951"><ele>997.0982255078779</ele><time>2026-09-05T21:38:37Z</time></trkpt></trkseg></trk><trk><name>Skull Trail</name><desc></desc><extensions><line xmlns="http://www.topografix.com/GPX/gpx_style/0/2"><color>FF9D00</color></line></extensions><trkseg><trkpt lat="52.229494" lon="-114.654897"><ele>985.7434930197212</ele><time>2026-09-05T22:30:59Z</time></trkpt><trkpt lat="52.229456" lon="-114.654914"><ele>985.7273784587389</ele><time>2026-09-05T22:31:08Z</time></trkpt><trkpt lat="52.229436" lon="-114.654933"><ele>985.9935974804334</ele><time>2026-09-05T22:31:09Z</time></trkpt><trkpt lat="52.229332" lon="-114.655033"><ele>986.0850042573287</ele><time>2026-09-05T22:31:14Z</time></trkpt><trkpt lat="52.22923" lon="-114.655088"><ele>986.0322596562348</ele><time>2026-09-05T22:31:18Z</time></trkpt><trkpt lat="52.229204" lon="-114.655095"><ele>986.1660125119332</ele><time>2026-09-05T22:31:19Z</time></trkpt><trkpt lat="52.229148" lon="-114.655117"><ele>985.9279111573272</ele><time>2026-09-05T22:31:21Z</time></trkpt><trkpt lat="52.229125" lon="-114.655143"><ele>986.0413852775978</ele><time>2026-09-05T22:31:22Z</time></trkpt><trkpt lat="52.229084" lon="-114.65529"><ele>985.9707699460268</ele><time>2026-09-05T22:31:26Z</time></trkpt><trkpt lat="52.229059" lon="-114.655346"><ele>986.22479358205</ele><time>2026-09-05T22:31:28Z</time></trkpt><trkpt lat="52.229043" lon="-114.65537"><ele>986.2400044644096</ele><time>2026-09-05T22:31:29Z</time></trkpt><trkpt lat="52.228859" lon="-114.655568"><ele>986.5890306003056</ele><time>2026-09-05T22:31:38Z</time></trkpt><trkpt lat="52.228851" lon="-114.65557"><ele>986.7729174956864</ele><time>2026-09-05T22:31:39Z</time></trkpt><trkpt lat="52.228839" lon="-114.655584"><ele>985.8676842122873</ele><time>2026-09-05T22:31:59Z</time></trkpt><trkpt lat="52.228723" lon="-114.655576"><ele>986.6579708458362</ele><time>2026-09-05T22:32:03Z</time></trkpt><trkpt lat="52.228632" lon="-114.655587"><ele>985.9677898514617</ele><time>2026-09-05T22:32:06Z</time></trkpt><trkpt lat="52.228604" lon="-114.655588"><ele>986.0906523207577</ele><time>2026-09-05T22:32:07Z</time></trkpt><trkpt lat="52.228519" lon="-114.655572"><ele>985.5383258955401</ele><time>2026-09-05T22:32:10Z</time></trkpt><trkpt lat="52.228493" lon="-114.655586"><ele>985.3369888095623</ele><time>2026-09-05T22:32:11Z</time></trkpt><trkpt lat="52.228409" lon="-114.655665"><ele>985.820889546735</ele><time>2026-09-05T22:32:14Z</time></trkpt><trkpt lat="52.22838" lon="-114.655666"><ele>985.7851081743758</ele><time>2026-09-05T22:32:15Z</time></trkpt><trkpt lat="52.228356" lon="-114.655647"><ele>985.9944871847879</ele><time>2026-09-05T22:32:16Z</time></trkpt><trkpt lat="52.228336" lon="-114.655619"><ele>986.1115913109369</ele><time>2026-09-05T22:32:17Z</time></trkpt><trkpt lat="52.228255" lon="-114.655443"><ele>986.0935626533404</ele><time>2026-09-05T22:32:22Z</time></trkpt><trkpt lat="52.228229" lon="-114.655414"><ele>987.0914475458488</ele><time>2026-09-05T22:32:37Z</time></trkpt><trkpt lat="52.228201" lon="-114.655361"><ele>987.102586972812</ele><time>2026-09-05T22:32:39Z</time></trkpt><trkpt lat="52.228183" lon="-114.655321"><ele>987.1688360695157</ele><time>2026-09-05T22:32:40Z</time></trkpt><trkpt lat="52.22807" lon="-114.655066"><ele>987.1115387437458</ele><time>2026-09-05T22:32:46Z</time></trkpt><trkpt lat="52.228037" lon="-114.654926"><ele>989.5746436858858</ele><time>2026-09-05T22:32:49Z</time></trkpt><trkpt lat="52.228031" lon="-114.654874"><ele>990.0294152899849</ele><time>2026-09-05T22:32:50Z</time></trkpt><trkpt lat="52.228023" lon="-114.65477"><ele>990.1133242887813</ele><time>2026-09-05T22:32:52Z</time></trkpt><trkpt lat="52.228002" lon="-114.654723"><ele>989.152394225946</ele><time>2026-09-05T22:32:53Z</time></trkpt><trkpt lat="52.227914" lon="-114.654609"><ele>988.7474028294781</ele><time>2026-09-05T22:32:56Z</time></trkpt><trkpt lat="52.227858" lon="-114.654456"><ele>988.3879382117216</ele><time>2026-09-05T22:32:59Z</time></trkpt><trkpt lat="52.227847" lon="-114.654395"><ele>988.4916216004744</ele><time>2026-09-05T22:33:00Z</time></trkpt><trkpt lat="52.227793" lon="-114.654114"><ele>989.8183675340275</ele><time>2026-09-05T22:33:05Z</time></trkpt><trkpt lat="52.227716" lon="-114.653919"><ele>990.416009129727</ele><time>2026-09-05T22:33:09Z</time></trkpt><trkpt lat="52.227693" lon="-114.653879"><ele>990.452956427641</ele><time>2026-09-05T22:33:10Z</time></trkpt><trkpt lat="52.22758" lon="-114.653741"><ele>993.0890117237703</ele><time>2026-09-05T22:33:14Z</time></trkpt><trkpt lat="52.227429" lon="-114.653525"><ele>993.9802009282332</ele><time>2026-09-05T22:33:19Z</time></trkpt><trkpt lat="52.227399" lon="-114.653481"><ele>993.9356597583184</ele><time>2026-09-05T22:33:20Z</time></trkpt><trkpt lat="52.227288" lon="-114.653311"><ele>996.1233452896229</ele><time>2026-09-05T22:33:34Z</time></trkpt></trkseg></trk><trk><name>Tracy Trail</name><desc></desc><extensions><line xmlns="http://www.topografix.com/GPX/gpx_style/0/2"><color>5726C2</color></line></extensions><trkseg><trkpt lat="52.226545" lon="-114.652953"><ele>998.1377932412247</ele><time>2026-09-05T21:56:37Z</time></trkpt><trkpt lat="52.226524" lon="-114.652953"><ele>999.0359391362606</ele><time>2026-09-05T21:56:46Z</time></trkpt><trkpt lat="52.226511" lon="-114.652948"><ele>998.7733693496591</ele><time>2026-09-05T21:56:47Z</time></trkpt><trkpt lat="52.226469" lon="-114.652929"><ele>998.9599027674595</ele><time>2026-09-05T21:56:49Z</time></trkpt><trkpt lat="52.226338" lon="-114.652932"><ele>998.2701617648565</ele><time>2026-09-05T21:56:53Z</time></trkpt><trkpt lat="52.226252" lon="-114.652949"><ele>998.9768816907238</ele><time>2026-09-05T21:56:56Z</time></trkpt><trkpt lat="52.226219" lon="-114.652947"><ele>998.4299395696494</ele><time>2026-09-05T21:56:57Z</time></trkpt><trkpt lat="52.226144" lon="-114.652935"><ele>998.7811205722506</ele><time>2026-09-05T21:56:59Z</time></trkpt><trkpt lat="52.226072" lon="-114.652889"><ele>998.8739350171453</ele><time>2026-09-05T21:57:01Z</time></trkpt><trkpt lat="52.226015" lon="-114.652827"><ele>999.0015552422058</ele><time>2026-09-05T21:57:03Z</time></trkpt><trkpt lat="52.225954" lon="-114.652689"><ele>999.6357777467988</ele><time>2026-09-05T21:57:06Z</time></trkpt><trkpt lat="52.225942" lon="-114.652638"><ele>999.631941051369</ele><time>2026-09-05T21:57:07Z</time></trkpt><trkpt lat="52.225916" lon="-114.652527"><ele>1000.0308927682642</ele><time>2026-09-05T21:57:09Z</time></trkpt><trkpt lat="52.225869" lon="-114.652406"><ele>999.4161675133439</ele><time>2026-09-05T21:57:11Z</time></trkpt><trkpt lat="52.225807" lon="-114.652302"><ele>999.4630370505058</ele><time>2026-09-05T21:57:13Z</time></trkpt><trkpt lat="52.225701" lon="-114.652197"><ele>999.8098539682975</ele><time>2026-09-05T21:57:16Z</time></trkpt><trkpt lat="52.225665" lon="-114.652167"><ele>998.7555783433054</ele><time>2026-09-05T21:57:17Z</time></trkpt><trkpt lat="52.225595" lon="-114.65212"><ele>998.8555025510595</ele><time>2026-09-05T21:57:19Z</time></trkpt><trkpt lat="52.225459" lon="-114.651997"><ele>999.6268432761312</ele><time>2026-09-05T21:57:23Z</time></trkpt><trkpt lat="52.225363" lon="-114.651867"><ele>998.95863415794</ele><time>2026-09-05T21:57:26Z</time></trkpt><trkpt lat="52.225335" lon="-114.651813"><ele>998.7547414970909</ele><time>2026-09-05T21:57:27Z</time></trkpt><trkpt lat="52.225185" lon="-114.651572"><ele>998.1307658434469</ele><time>2026-09-05T21:57:32Z</time></trkpt><trkpt lat="52.225144" lon="-114.651469"><ele>998.0664558693551</ele><time>2026-09-05T21:57:34Z</time></trkpt><trkpt lat="52.225122" lon="-114.651366"><ele>998.3735637421702</ele><time>2026-09-05T21:57:36Z</time></trkpt><trkpt lat="52.225112" lon="-114.651313"><ele>998.4471024069097</ele><time>2026-09-05T21:57:37Z</time></trkpt><trkpt lat="52.225068" lon="-114.651066"><ele>999.199871928138</ele><time>2026-09-05T21:57:42Z</time></trkpt><trkpt lat="52.225013" lon="-114.650858"><ele>999.4322559844495</ele><time>2026-09-05T21:57:46Z</time></trkpt><trkpt lat="52.224999" lon="-114.650798"><ele>999.1668759000505</ele><time>2026-09-05T21:57:47Z</time></trkpt><trkpt lat="52.224839" lon="-114.650295"><ele>999.2616289400617</ele><time>2026-09-05T21:57:56Z</time></trkpt><trkpt lat="52.224828" lon="-114.650259"><ele>999.0828740779958</ele><time>2026-09-05T21:57:57Z</time></trkpt><trkpt lat="52.224804" lon="-114.650175"><ele>999.1204609141332</ele><time>2026-09-05T21:58:00Z</time></trkpt><trkpt lat="52.224782" lon="-114.650166"><ele>1001.3386631249178</ele><time>2026-09-05T21:58:06Z</time></trkpt></trkseg></trk><trk><name>Brittany Trail</name><desc></desc><extensions><line xmlns="http://www.topografix.com/GPX/gpx_style/0/2"><color>4ABD32</color></line></extensions><trkseg><trkpt lat="52.225866" lon="-114.651855"><ele>998.7484018033858</ele><time>2026-09-05T21:34:42Z</time></trkpt><trkpt lat="52.225866" lon="-114.651844"><ele>998.8747061108414</ele><time>2026-09-05T21:34:51Z</time></trkpt><trkpt lat="52.225866" lon="-114.651844"><ele>998.9421449025766</ele><time>2026-09-05T21:34:52Z</time></trkpt><trkpt lat="52.225763" lon="-114.651566"><ele>998.5500441916134</ele><time>2026-09-05T21:35:03Z</time></trkpt><trkpt lat="52.225749" lon="-114.651522"><ele>998.6765097539071</ele><time>2026-09-05T21:35:04Z</time></trkpt><trkpt lat="52.225724" lon="-114.651451"><ele>998.2420611627558</ele><time>2026-09-05T21:35:06Z</time></trkpt><trkpt lat="52.225656" lon="-114.651345"><ele>997.1357611322885</ele><time>2026-09-05T21:35:09Z</time></trkpt><trkpt lat="52.225584" lon="-114.651187"><ele>996.8331534251577</ele><time>2026-09-05T21:35:13Z</time></trkpt><trkpt lat="52.225566" lon="-114.65115"><ele>996.7166571269616</ele><time>2026-09-05T21:35:14Z</time></trkpt><trkpt lat="52.225524" lon="-114.651024"><ele>996.887528120917</ele><time>2026-09-05T21:35:17Z</time></trkpt><trkpt lat="52.225472" lon="-114.650751"><ele>997.1139847377553</ele><time>2026-09-05T21:35:23Z</time></trkpt><trkpt lat="52.225472" lon="-114.650704"><ele>997.4536757246794</ele><time>2026-09-05T21:35:24Z</time></trkpt><trkpt lat="52.225498" lon="-114.650505"><ele>996.5412149080569</ele><time>2026-09-05T21:35:29Z</time></trkpt><trkpt lat="52.225493" lon="-114.650421"><ele>996.8690248440284</ele><time>2026-09-05T21:35:31Z</time></trkpt><trkpt lat="52.225467" lon="-114.650356"><ele>997.1634511954607</ele><time>2026-09-05T21:35:33Z</time></trkpt><trkpt lat="52.225443" lon="-114.650329"><ele>996.808607363906</ele><time>2026-09-05T21:35:34Z</time></trkpt><trkpt lat="52.225341" lon="-114.650114"><ele>996.6322981836155</ele><time>2026-09-05T21:35:40Z</time></trkpt><trkpt lat="52.225281" lon="-114.650037"><ele>996.5445401640717</ele><time>2026-09-05T21:35:43Z</time></trkpt><trkpt lat="52.225257" lon="-114.650014"><ele>995.8874169087071</ele><time>2026-09-05T21:35:44Z</time></trkpt><trkpt lat="52.225185" lon="-114.649943"><ele>996.0400736775514</ele><time>2026-09-05T21:35:47Z</time></trkpt><trkpt lat="52.225066" lon="-114.649774"><ele>995.6680668575282</ele><time>2026-09-05T21:35:53Z</time></trkpt><trkpt lat="52.225051" lon="-114.649741"><ele>996.0759516008131</ele><time>2026-09-05T21:35:54Z</time></trkpt><trkpt lat="52.22499" lon="-114.64961"><ele>995.8425784560038</ele><time>2026-09-05T21:36:05Z</time></trkpt></trkseg></trk><trk><name>Shooting range</name><desc></desc><extensions><line xmlns="http://www.topografix.com/GPX/gpx_style/0/2"><color>FFFFFF</color></line></extensions><trkseg><trkpt lat="52.226167" lon="-114.647151"><ele>971.271240234375</ele><time>2026-08-23T21:53:41Z</time></trkpt><trkpt lat="52.22615" lon="-114.647169"><ele>970.631591796875</ele><time>2026-08-23T21:53:50Z</time></trkpt><trkpt lat="52.226147" lon="-114.647172"><ele>970.48046875</ele><time>2026-08-23T21:53:51Z</time></trkpt><trkpt lat="52.226123" lon="-114.647195"><ele>969.522216796875</ele><time>2026-08-23T21:53:57Z</time></trkpt><trkpt lat="52.226023" lon="-114.64736"><ele>968.1043701171875</ele><time>2026-08-23T21:54:11Z</time></trkpt><trkpt lat="52.226014" lon="-114.647371"><ele>968.0191650390625</ele><time>2026-08-23T21:54:12Z</time></trkpt><trkpt lat="52.22591" lon="-114.647471"><ele>967.712158203125</ele><time>2026-08-23T21:54:23Z</time></trkpt><trkpt lat="52.225866" lon="-114.64753"><ele>967.3402099609375</ele><time>2026-08-23T21:54:28Z</time></trkpt><trkpt lat="52.225856" lon="-114.647541"><ele>967.419189453125</ele><time>2026-08-23T21:54:29Z</time></trkpt><trkpt lat="52.225695" lon="-114.647729"><ele>966.9293212890625</ele><time>2026-08-23T21:54:45Z</time></trkpt><trkpt lat="52.225686" lon="-114.64774"><ele>967.071044921875</ele><time>2026-08-23T21:54:46Z</time></trkpt><trkpt lat="52.22554" lon="-114.64794"><ele>967.2568359375</ele><time>2026-08-23T21:55:02Z</time></trkpt><trkpt lat="52.22553" lon="-114.647949"><ele>967.351806640625</ele><time>2026-08-23T21:55:03Z</time></trkpt><trkpt lat="52.225506" lon="-114.647979"><ele>967.069580078125</ele><time>2026-08-23T21:55:06Z</time></trkpt><trkpt lat="52.225446" lon="-114.648023"><ele>966.2618408203125</ele><time>2026-08-23T21:55:14Z</time></trkpt></trkseg><trkseg><trkpt lat="52.225424" lon="-114.648048"><ele>967.2762451171875</ele><time>2026-08-23T21:56:29Z</time></trkpt><trkpt lat="52.225359" lon="-114.648093"><ele>968.44580078125</ele><time>2026-08-23T21:56:37Z</time></trkpt><trkpt lat="52.225264" lon="-114.648125"><ele>969.165283203125</ele><time>2026-08-23T21:56:45Z</time></trkpt><trkpt lat="52.225251" lon="-114.648129"><ele>969.097412109375</ele><time>2026-08-23T21:56:46Z</time></trkpt><trkpt lat="52.225133" lon="-114.648158"><ele>969.706298828125</ele><time>2026-08-23T21:56:55Z</time></trkpt><trkpt lat="52.225074" lon="-114.64819"><ele>969.5565185546875</ele><time>2026-08-23T21:57:00Z</time></trkpt><trkpt lat="52.225062" lon="-114.648197"><ele>969.76708984375</ele><time>2026-08-23T21:57:01Z</time></trkpt><trkpt lat="52.224891" lon="-114.648341"><ele>971.848388671875</ele><time>2026-08-23T21:57:16Z</time></trkpt><trkpt lat="52.224881" lon="-114.648351"><ele>971.973388671875</ele><time>2026-08-23T21:57:17Z</time></trkpt><trkpt lat="52.224731" lon="-114.64849"><ele>973.304443359375</ele><time>2026-08-23T21:57:31Z</time></trkpt><trkpt lat="52.224726" lon="-114.648499"><ele>973.7078857421875</ele><time>2026-08-23T21:57:32Z</time></trkpt><trkpt lat="52.224734" lon="-114.6485"><ele>973.9085693359375</ele><time>2026-08-23T21:57:42Z</time></trkpt></trkseg></trk><trk><name>Ring Road (MM, FF, CC)</name><desc></desc><extensions><line xmlns="http://www.topografix.com/GPX/gpx_style/0/2"><color>A726BC</color></line></extensions><trkseg><trkpt lat="52.22502" lon="-114.649041"><ele>994.0686779764446</ele><time>2026-09-05T20:57:50Z</time></trkpt><trkpt lat="52.225022" lon="-114.649041"><ele>994.075573264276</ele><time>2026-09-05T20:57:59Z</time></trkpt><trkpt lat="52.225022" lon="-114.649041"><ele>994.1049277952834</ele><time>2026-09-05T20:58:00Z</time></trkpt><trkpt lat="52.224987" lon="-114.648982"><ele>993.6099307864648</ele><time>2026-09-05T20:58:05Z</time></trkpt><trkpt lat="52.22494" lon="-114.648964"><ele>992.81426157147</ele><time>2026-09-05T20:58:08Z</time></trkpt><trkpt lat="52.224917" lon="-114.648941"><ele>993.1288148959338</ele><time>2026-09-05T20:58:10Z</time></trkpt><trkpt lat="52.224905" lon="-114.648928"><ele>993.4244847851463</ele><time>2026-09-05T20:58:11Z</time></trkpt><trkpt lat="52.224872" lon="-114.648819"><ele>991.6819174048691</ele><time>2026-09-05T20:58:23Z</time></trkpt><trkpt lat="52.224866" lon="-114.648701"><ele>989.4912297128049</ele><time>2026-09-05T20:58:42Z</time></trkpt><trkpt lat="52.224864" lon="-114.648669"><ele>989.9705665981984</ele><time>2026-09-05T20:58:43Z</time></trkpt><trkpt lat="52.224865" lon="-114.648573"><ele>989.8019421806746</ele><time>2026-09-05T20:58:46Z</time></trkpt><trkpt lat="52.224883" lon="-114.648451"><ele>989.4325198302457</ele><time>2026-09-05T20:58:50Z</time></trkpt><trkpt lat="52.224879" lon="-114.648379"><ele>990.1750958494297</ele><time>2026-09-05T20:58:52Z</time></trkpt><trkpt lat="52.224874" lon="-114.648361"><ele>990.313527951611</ele><time>2026-09-05T20:58:53Z</time></trkpt><trkpt lat="52.224787" lon="-114.648104"><ele>989.9243227951479</ele><time>2026-09-05T20:59:02Z</time></trkpt><trkpt lat="52.224774" lon="-114.64807"><ele>989.7351187522521</ele><time>2026-09-05T20:59:03Z</time></trkpt><trkpt lat="52.224739" lon="-114.647956"><ele>989.5558137943156</ele><time>2026-09-05T20:59:07Z</time></trkpt><trkpt lat="52.224735" lon="-114.647862"><ele>990.0441854920143</ele><time>2026-09-05T20:59:10Z</time></trkpt><trkpt lat="52.224711" lon="-114.64781"><ele>990.3026132646261</ele><time>2026-09-05T20:59:12Z</time></trkpt><trkpt lat="52.224699" lon="-114.647786"><ele>990.0785776167312</ele><time>2026-09-05T20:59:13Z</time></trkpt><trkpt lat="52.224666" lon="-114.647715"><ele>990.6069715412899</ele><time>2026-09-05T20:59:16Z</time></trkpt><trkpt lat="52.224591" lon="-114.647607"><ele>989.997055066523</ele><time>2026-09-05T20:59:22Z</time></trkpt><trkpt lat="52.224579" lon="-114.64759"><ele>990.0003275209605</ele><time>2026-09-05T20:59:23Z</time></trkpt><trkpt lat="52.224546" lon="-114.647527"><ele>990.3789911256267</ele><time>2026-09-05T20:59:26Z</time></trkpt><trkpt lat="52.22453" lon="-114.647514"><ele>990.3057100597135</ele><time>2026-09-05T20:59:27Z</time></trkpt><trkpt lat="52.224458" lon="-114.647528"><ele>989.0078020358267</ele><time>2026-09-05T20:59:32Z</time></trkpt><trkpt lat="52.224444" lon="-114.647529"><ele>988.9210156624868</ele><time>2026-09-05T20:59:33Z</time></trkpt><trkpt lat="52.224362" lon="-114.647515"><ele>990.8674381140601</ele><time>2026-09-05T21:00:06Z</time></trkpt><trkpt lat="52.224314" lon="-114.647492"><ele>991.1396265680395</ele><time>2026-09-05T21:00:10Z</time></trkpt><trkpt lat="52.224282" lon="-114.647501"><ele>991.4811225217193</ele><time>2026-09-05T21:00:13Z</time></trkpt><trkpt lat="52.224276" lon="-114.647519"><ele>991.5803983349721</ele><time>2026-09-05T21:00:14Z</time></trkpt><trkpt lat="52.224266" lon="-114.647648"><ele>991.5485477381058</ele><time>2026-09-05T21:00:18Z</time></trkpt><trkpt lat="52.22429" lon="-114.647759"><ele>990.1220508544793</ele><time>2026-09-05T21:00:22Z</time></trkpt><trkpt lat="52.224289" lon="-114.647797"><ele>989.8500371312472</ele><time>2026-09-05T21:00:23Z</time></trkpt><trkpt lat="52.224283" lon="-114.647837"><ele>989.8524061887308</ele><time>2026-09-05T21:00:24Z</time></trkpt><trkpt lat="52.224308" lon="-114.648115"><ele>990.705297704049</ele><time>2026-09-05T21:00:44Z</time></trkpt><trkpt lat="52.224311" lon="-114.64815"><ele>990.2848485627078</ele><time>2026-09-05T21:00:45Z</time></trkpt><trkpt lat="52.22434" lon="-114.648303"><ele>990.1968106675969</ele><time>2026-09-05T21:00:49Z</time></trkpt><trkpt lat="52.224369" lon="-114.648355"><ele>990.3449333703834</ele><time>2026-09-05T21:00:51Z</time></trkpt><trkpt lat="52.224429" lon="-114.648428"><ele>990.7190119246279</ele><time>2026-09-05T21:00:54Z</time></trkpt><trkpt lat="52.224445" lon="-114.648465"><ele>990.966545668677</ele><time>2026-09-05T21:00:55Z</time></trkpt><trkpt lat="52.224467" lon="-114.648581"><ele>991.6779897699353</ele><time>2026-09-05T21:00:58Z</time></trkpt><trkpt lat="52.224463" lon="-114.648743"><ele>991.8871473189938</ele><time>2026-09-05T21:01:02Z</time></trkpt><trkpt lat="52.224444" lon="-114.648828"><ele>993.0774013563737</ele><time>2026-09-05T21:01:04Z</time></trkpt><trkpt lat="52.224429" lon="-114.648873"><ele>993.1048549759811</ele><time>2026-09-05T21:01:05Z</time></trkpt><trkpt lat="52.224332" lon="-114.64931"><ele>994.8353940700797</ele><time>2026-09-05T21:01:14Z</time></trkpt><trkpt lat="52.224328" lon="-114.64935"><ele>995.339756225536</ele><time>2026-09-05T21:01:15Z</time></trkpt><trkpt lat="52.224342" lon="-114.649552"><ele>996.6342535586382</ele><time>2026-09-05T21:01:21Z</time></trkpt><trkpt lat="52.224317" lon="-114.649664"><ele>997.0242528374165</ele><time>2026-09-05T21:01:24Z</time></trkpt><trkpt lat="52.224305" lon="-114.649705"><ele>996.4208031604751</ele><time>2026-09-05T21:01:25Z</time></trkpt><trkpt lat="52.224279" lon="-114.6498"><ele>995.9866583803505</ele><time>2026-09-05T21:01:27Z</time></trkpt><trkpt lat="52.224275" lon="-114.649848"><ele>995.8888511356994</ele><time>2026-09-05T21:01:28Z</time></trkpt><trkpt lat="52.224288" lon="-114.649955"><ele>995.7844305951461</ele><time>2026-09-05T21:01:31Z</time></trkpt><trkpt lat="52.22431" lon="-114.650047"><ele>995.4936617478476</ele><time>2026-09-05T21:01:34Z</time></trkpt><trkpt lat="52.224319" lon="-114.650076"><ele>995.5330008341325</ele><time>2026-09-05T21:01:35Z</time></trkpt><trkpt lat="52.224381" lon="-114.650263"><ele>995.0468494326166</ele><time>2026-09-05T21:01:41Z</time></trkpt><trkpt lat="52.224381" lon="-114.650344"><ele>994.5600199590386</ele><time>2026-09-05T21:01:44Z</time></trkpt><trkpt lat="52.224373" lon="-114.650379"><ele>994.3840221856705</ele><time>2026-09-05T21:01:45Z</time></trkpt><trkpt lat="52.224357" lon="-114.650637"><ele>993.421550980797</ele><time>2026-09-05T21:01:52Z</time></trkpt><trkpt lat="52.224364" lon="-114.650729"><ele>993.3078065181746</ele><time>2026-09-05T21:01:54Z</time></trkpt><trkpt lat="52.224373" lon="-114.650766"><ele>993.3644143032533</ele><time>2026-09-05T21:01:55Z</time></trkpt><trkpt lat="52.224383" lon="-114.650905"><ele>993.043610946502</ele><time>2026-09-05T21:01:58Z</time></trkpt><trkpt lat="52.22433" lon="-114.651176"><ele>992.3965454771213</ele><time>2026-09-05T21:02:04Z</time></trkpt><trkpt lat="52.224319" lon="-114.651216"><ele>992.6688940066201</ele><time>2026-09-05T21:02:05Z</time></trkpt><trkpt lat="52.22428" lon="-114.651438"><ele>991.6144567647102</ele><time>2026-09-05T21:02:10Z</time></trkpt><trkpt lat="52.224274" lon="-114.651595"><ele>991.9435136276519</ele><time>2026-09-05T21:02:31Z</time></trkpt><trkpt lat="52.224271" lon="-114.651631"><ele>991.8263692229699</ele><time>2026-09-05T21:02:32Z</time></trkpt><trkpt lat="52.224256" lon="-114.651772"><ele>990.1053701061192</ele><time>2026-09-05T21:02:36Z</time></trkpt><trkpt lat="52.224235" lon="-114.651846"><ele>989.9952198558258</ele><time>2026-09-05T21:02:38Z</time></trkpt><trkpt lat="52.224248" lon="-114.651967"><ele>989.3047863284626</ele><time>2026-09-05T21:02:41Z</time></trkpt><trkpt lat="52.22426" lon="-114.652003"><ele>989.3114336840308</ele><time>2026-09-05T21:02:42Z</time></trkpt><trkpt lat="52.22433" lon="-114.652137"><ele>989.5355348060068</ele><time>2026-09-05T21:02:47Z</time></trkpt><trkpt lat="52.224386" lon="-114.652283"><ele>988.9653579995061</ele><time>2026-09-05T21:02:51Z</time></trkpt><trkpt lat="52.2244" lon="-114.652312"><ele>989.0280330169371</ele><time>2026-09-05T21:02:52Z</time></trkpt><trkpt lat="52.224591" lon="-114.652619"><ele>990.4357016326969</ele><time>2026-09-05T21:03:01Z</time></trkpt><trkpt lat="52.224609" lon="-114.652658"><ele>991.4205895786154</ele><time>2026-09-05T21:03:02Z</time></trkpt><trkpt lat="52.224779" lon="-114.652984"><ele>990.329018392363</ele><time>2026-09-05T21:03:11Z</time></trkpt><trkpt lat="52.224792" lon="-114.653031"><ele>990.1324387134548</ele><time>2026-09-05T21:03:12Z</time></trkpt><trkpt lat="52.224844" lon="-114.653202"><ele>989.8843529938133</ele><time>2026-09-05T21:03:17Z</time></trkpt><trkpt lat="52.2249" lon="-114.653334"><ele>989.6245904972906</ele><time>2026-09-05T21:03:21Z</time></trkpt><trkpt lat="52.224909" lon="-114.653362"><ele>989.8323265967745</ele><time>2026-09-05T21:03:22Z</time></trkpt><trkpt lat="52.224988" lon="-114.653517"><ele>989.1698389760165</ele><time>2026-09-05T21:03:37Z</time></trkpt></trkseg><trkseg><trkpt lat="52.224999" lon="-114.653522"><ele>989.5901892902789</ele><time>2026-09-05T21:04:59Z</time></trkpt><trkpt lat="52.225067" lon="-114.653606"><ele>990.2996751004013</ele><time>2026-09-05T21:05:13Z</time></trkpt><trkpt lat="52.225143" lon="-114.653668"><ele>990.9647105954646</ele><time>2026-09-05T21:05:17Z</time></trkpt><trkpt lat="52.225172" lon="-114.653684"><ele>991.1354521604118</ele><time>2026-09-05T21:05:18Z</time></trkpt><trkpt lat="52.225314" lon="-114.653798"><ele>992.1793295784669</ele><time>2026-09-05T21:05:23Z</time></trkpt><trkpt lat="52.225407" lon="-114.653919"><ele>991.9146767894997</ele><time>2026-09-05T21:05:27Z</time></trkpt><trkpt lat="52.225426" lon="-114.653946"><ele>992.1850832784443</ele><time>2026-09-05T21:05:28Z</time></trkpt><trkpt lat="52.225524" lon="-114.654087"><ele>992.0085016999649</ele><time>2026-09-05T21:05:33Z</time></trkpt><trkpt lat="52.225606" lon="-114.654176"><ele>992.1607033510261</ele><time>2026-09-05T21:05:37Z</time></trkpt><trkpt lat="52.225625" lon="-114.654202"><ele>991.7786024568745</ele><time>2026-09-05T21:05:38Z</time></trkpt><trkpt lat="52.225734" lon="-114.654304"><ele>991.8791869571616</ele><time>2026-09-05T21:05:44Z</time></trkpt><trkpt lat="52.225789" lon="-114.654378"><ele>990.4695500153043</ele><time>2026-09-05T21:05:47Z</time></trkpt><trkpt lat="52.225805" lon="-114.654397"><ele>990.1622086953082</ele><time>2026-09-05T21:05:48Z</time></trkpt><trkpt lat="52.225876" lon="-114.654429"><ele>990.2554150337769</ele><time>2026-09-05T21:05:51Z</time></trkpt><trkpt lat="52.225964" lon="-114.654445"><ele>992.7336163969379</ele><time>2026-09-05T21:05:55Z</time></trkpt><trkpt lat="52.22601" lon="-114.654477"><ele>993.167800969303</ele><time>2026-09-05T21:05:57Z</time></trkpt><trkpt lat="52.226029" lon="-114.654503"><ele>993.1353646929134</ele><time>2026-09-05T21:05:58Z</time></trkpt><trkpt lat="52.226151" lon="-114.6546"><ele>992.5147938037264</ele><time>2026-09-05T21:06:03Z</time></trkpt><trkpt lat="52.226226" lon="-114.654715"><ele>992.693278180612</ele><time>2026-09-05T21:06:07Z</time></trkpt><trkpt lat="52.226245" lon="-114.654742"><ele>992.9599744035033</ele><time>2026-09-05T21:06:08Z</time></trkpt><trkpt lat="52.226309" lon="-114.654801"><ele>991.3128511031653</ele><time>2026-09-05T21:06:11Z</time></trkpt><trkpt lat="52.226458" lon="-114.654845"><ele>992.6985782338481</ele><time>2026-09-05T21:06:17Z</time></trkpt><trkpt lat="52.226484" lon="-114.654858"><ele>992.0424597604341</ele><time>2026-09-05T21:06:18Z</time></trkpt><trkpt lat="52.226529" lon="-114.654875"><ele>992.0786442954316</ele><time>2026-09-05T21:06:20Z</time></trkpt><trkpt lat="52.226569" lon="-114.654904"><ele>992.8929244150106</ele><time>2026-09-05T21:07:16Z</time></trkpt><trkpt lat="52.226671" lon="-114.654901"><ele>992.3634003238889</ele><time>2026-09-05T21:07:21Z</time></trkpt><trkpt lat="52.226692" lon="-114.654898"><ele>992.7290150778964</ele><time>2026-09-05T21:07:22Z</time></trkpt><trkpt lat="52.226834" lon="-114.654914"><ele>992.2213602112413</ele><time>2026-09-05T21:07:27Z</time></trkpt><trkpt lat="52.226932" lon="-114.65495"><ele>991.584739936225</ele><time>2026-09-05T21:07:31Z</time></trkpt><trkpt lat="52.226955" lon="-114.654963"><ele>991.6604048586839</ele><time>2026-09-05T21:07:32Z</time></trkpt><trkpt lat="52.226999" lon="-114.654986"><ele>991.7961064724368</ele><time>2026-09-05T21:07:34Z</time></trkpt><trkpt lat="52.227055" lon="-114.654996"><ele>991.6809716072956</ele><time>2026-09-05T21:07:36Z</time></trkpt><trkpt lat="52.227142" lon="-114.654984"><ele>990.9907118717468</ele><time>2026-09-05T21:07:39Z</time></trkpt><trkpt lat="52.227208" lon="-114.654961"><ele>990.5693385877519</ele><time>2026-09-05T21:07:41Z</time></trkpt><trkpt lat="52.227239" lon="-114.654943"><ele>990.6552318236681</ele><time>2026-09-05T21:07:42Z</time></trkpt><trkpt lat="52.227323" lon="-114.654899"><ele>990.1133032716683</ele><time>2026-09-05T21:07:45Z</time></trkpt><trkpt lat="52.227403" lon="-114.654875"><ele>990.0848929315775</ele><time>2026-09-05T21:07:48Z</time></trkpt><trkpt lat="52.227445" lon="-114.654888"><ele>991.0296915443986</ele><time>2026-09-05T21:07:50Z</time></trkpt><trkpt lat="52.22746" lon="-114.654908"><ele>991.6552535077346</ele><time>2026-09-05T21:07:51Z</time></trkpt><trkpt lat="52.227481" lon="-114.654927"><ele>992.6714526336269</ele><time>2026-09-05T21:07:52Z</time></trkpt><trkpt lat="52.227531" lon="-114.654935"><ele>992.9054982838638</ele><time>2026-09-05T21:07:54Z</time></trkpt><trkpt lat="52.227611" lon="-114.654884"><ele>994.4687007714853</ele><time>2026-09-05T21:07:58Z</time></trkpt><trkpt lat="52.227653" lon="-114.654895"><ele>993.8011181988788</ele><time>2026-09-05T21:08:01Z</time></trkpt><trkpt lat="52.227673" lon="-114.654905"><ele>994.1987392145364</ele><time>2026-09-05T21:08:02Z</time></trkpt><trkpt lat="52.227729" lon="-114.654909"><ele>993.9785994319901</ele><time>2026-09-05T21:08:04Z</time></trkpt><trkpt lat="52.22786" lon="-114.654867"><ele>993.373069471382</ele><time>2026-09-05T21:08:09Z</time></trkpt><trkpt lat="52.227918" lon="-114.654858"><ele>991.6702796079431</ele><time>2026-09-05T21:08:11Z</time></trkpt><trkpt lat="52.227942" lon="-114.654851"><ele>992.2818580934124</ele><time>2026-09-05T21:08:12Z</time></trkpt><trkpt lat="52.228095" lon="-114.654785"><ele>992.5677605816845</ele><time>2026-09-05T21:08:18Z</time></trkpt><trkpt lat="52.228158" lon="-114.654726"><ele>992.0581371121552</ele><time>2026-09-05T21:08:21Z</time></trkpt><trkpt lat="52.228171" lon="-114.65471"><ele>992.0654015241671</ele><time>2026-09-05T21:08:22Z</time></trkpt><trkpt lat="52.228199" lon="-114.654648"><ele>992.3362251528226</ele><time>2026-09-05T21:08:25Z</time></trkpt><trkpt lat="52.228201" lon="-114.654626"><ele>993.0040939194861</ele><time>2026-09-05T21:08:26Z</time></trkpt><trkpt lat="52.228176" lon="-114.654508"><ele>994.2182529834861</ele><time>2026-09-05T21:09:30Z</time></trkpt><trkpt lat="52.22818" lon="-114.654459"><ele>993.9519275313728</ele><time>2026-09-05T21:09:32Z</time></trkpt><trkpt lat="52.228185" lon="-114.65444"><ele>994.0155030028047</ele><time>2026-09-05T21:09:33Z</time></trkpt><trkpt lat="52.228198" lon="-114.654381"><ele>993.491174306579</ele><time>2026-09-05T21:09:35Z</time></trkpt><trkpt lat="52.22819" lon="-114.654345"><ele>993.4292803167937</ele><time>2026-09-05T21:09:37Z</time></trkpt><trkpt lat="52.228135" lon="-114.65428"><ele>993.6448884867285</ele><time>2026-09-05T21:09:41Z</time></trkpt><trkpt lat="52.228107" lon="-114.654276"><ele>993.2707532801413</ele><time>2026-09-05T21:09:43Z</time></trkpt><trkpt lat="52.228089" lon="-114.654265"><ele>992.7576314864382</ele><time>2026-09-05T21:09:44Z</time></trkpt><trkpt lat="52.228011" lon="-114.654213"><ele>992.0156164550859</ele><time>2026-09-05T21:09:47Z</time></trkpt><trkpt lat="52.227977" lon="-114.654147"><ele>991.8239992689427</ele><time>2026-09-05T21:09:49Z</time></trkpt><trkpt lat="52.227967" lon="-114.654071"><ele>992.3376960817881</ele><time>2026-09-05T21:09:51Z</time></trkpt><trkpt lat="52.227984" lon="-114.653991"><ele>993.5850129822554</ele><time>2026-09-05T21:09:53Z</time></trkpt><trkpt lat="52.227999" lon="-114.653956"><ele>993.9043782834594</ele><time>2026-09-05T21:09:54Z</time></trkpt><trkpt lat="52.228005" lon="-114.653913"><ele>993.8956569281186</ele><time>2026-09-05T21:09:55Z</time></trkpt><trkpt lat="52.227974" lon="-114.653824"><ele>994.0202138928167</ele><time>2026-09-05T21:09:58Z</time></trkpt><trkpt lat="52.227968" lon="-114.653718"><ele>993.2963148351101</ele><time>2026-09-05T21:10:01Z</time></trkpt><trkpt lat="52.227952" lon="-114.65367"><ele>992.9539168231332</ele><time>2026-09-05T21:10:03Z</time></trkpt><trkpt lat="52.227949" lon="-114.653666"><ele>992.6584964467028</ele><time>2026-09-05T21:10:04Z</time></trkpt><trkpt lat="52.227939" lon="-114.653628"><ele>993.0399367438711</ele><time>2026-09-05T21:10:14Z</time></trkpt><trkpt lat="52.227847" lon="-114.653486"><ele>993.8385493943483</ele><time>2026-09-05T21:10:18Z</time></trkpt><trkpt lat="52.227805" lon="-114.653346"><ele>994.6588409381853</ele><time>2026-09-05T21:10:21Z</time></trkpt><trkpt lat="52.227804" lon="-114.653282"><ele>993.59556191962</ele><time>2026-09-05T21:10:22Z</time></trkpt><trkpt lat="52.227821" lon="-114.653156"><ele>993.3449966277285</ele><time>2026-09-05T21:10:24Z</time></trkpt><trkpt lat="52.22782" lon="-114.653094"><ele>993.3045844233526</ele><time>2026-09-05T21:10:25Z</time></trkpt><trkpt lat="52.227784" lon="-114.652939"><ele>994.0495633016924</ele><time>2026-09-05T21:10:28Z</time></trkpt><trkpt lat="52.227731" lon="-114.652796"><ele>993.0286099274126</ele><time>2026-09-05T21:10:31Z</time></trkpt><trkpt lat="52.227709" lon="-114.652769"><ele>992.8753436612303</ele><time>2026-09-05T21:10:32Z</time></trkpt><trkpt lat="52.227575" lon="-114.652638"><ele>993.2697098361115</ele><time>2026-09-05T21:10:38Z</time></trkpt><trkpt lat="52.227509" lon="-114.652537"><ele>993.0283770962076</ele><time>2026-09-05T21:10:41Z</time></trkpt><trkpt lat="52.227491" lon="-114.652494"><ele>993.4490894576917</ele><time>2026-09-05T21:10:42Z</time></trkpt><trkpt lat="52.227284" lon="-114.652086"><ele>992.5597321845553</ele><time>2026-09-05T21:10:51Z</time></trkpt><trkpt lat="52.227265" lon="-114.65204"><ele>992.3169887617822</ele><time>2026-09-05T21:10:52Z</time></trkpt><trkpt lat="52.227247" lon="-114.651936"><ele>991.7678273698883</ele><time>2026-09-05T21:10:54Z</time></trkpt><trkpt lat="52.227244" lon="-114.651788"><ele>993.097996493191</ele><time>2026-09-05T21:10:57Z</time></trkpt><trkpt lat="52.227211" lon="-114.651645"><ele>993.7712396234788</ele><time>2026-09-05T21:11:01Z</time></trkpt><trkpt lat="52.227202" lon="-114.651604"><ele>993.4661030737437</ele><time>2026-09-05T21:11:02Z</time></trkpt><trkpt lat="52.227168" lon="-114.65147"><ele>993.3054455009615</ele><time>2026-09-05T21:11:05Z</time></trkpt><trkpt lat="52.227133" lon="-114.651396"><ele>992.4604674937137</ele><time>2026-09-05T21:11:07Z</time></trkpt><trkpt lat="52.227027" lon="-114.651285"><ele>991.7434322806042</ele><time>2026-09-05T21:11:11Z</time></trkpt><trkpt lat="52.227001" lon="-114.651252"><ele>991.994353863258</ele><time>2026-09-05T21:11:12Z</time></trkpt><trkpt lat="52.226784" lon="-114.651009"><ele>988.3039209427752</ele><time>2026-09-05T21:11:21Z</time></trkpt><trkpt lat="52.226755" lon="-114.650972"><ele>988.5187891391481</ele><time>2026-09-05T21:11:22Z</time></trkpt><trkpt lat="52.226669" lon="-114.650835"><ele>990.0357322859318</ele><time>2026-09-05T21:11:26Z</time></trkpt><trkpt lat="52.226553" lon="-114.650713"><ele>990.2587862171075</ele><time>2026-09-05T21:11:31Z</time></trkpt><trkpt lat="52.226534" lon="-114.650683"><ele>990.220950156161</ele><time>2026-09-05T21:11:32Z</time></trkpt><trkpt lat="52.226492" lon="-114.65058"><ele>990.9416810089884</ele><time>2026-09-05T21:11:35Z</time></trkpt><trkpt lat="52.226369" lon="-114.650437"><ele>988.9948882481115</ele><time>2026-09-05T21:11:41Z</time></trkpt><trkpt lat="52.226339" lon="-114.650418"><ele>988.7888404415071</ele><time>2026-09-05T21:11:42Z</time></trkpt><trkpt lat="52.226217" lon="-114.650371"><ele>988.0897172388886</ele><time>2026-09-05T21:11:46Z</time></trkpt><trkpt lat="52.226174" lon="-114.650339"><ele>988.1921588622197</ele><time>2026-09-05T21:11:48Z</time></trkpt><trkpt lat="52.226159" lon="-114.650302"><ele>988.52005093144</ele><time>2026-09-05T21:11:49Z</time></trkpt><trkpt lat="52.226146" lon="-114.650204"><ele>989.581131943581</ele><time>2026-09-05T21:11:51Z</time></trkpt><trkpt lat="52.226139" lon="-114.650156"><ele>989.6699404971013</ele><time>2026-09-05T21:11:52Z</time></trkpt><trkpt lat="52.226114" lon="-114.650073"><ele>989.3093936501472</ele><time>2026-09-05T21:11:54Z</time></trkpt><trkpt lat="52.226089" lon="-114.650048"><ele>989.145909218644</ele><time>2026-09-05T21:11:55Z</time></trkpt><trkpt lat="52.225993" lon="-114.650005"><ele>989.5193596005121</ele><time>2026-09-05T21:11:59Z</time></trkpt><trkpt lat="52.225952" lon="-114.64996"><ele>989.7331036141451</ele><time>2026-09-05T21:12:01Z</time></trkpt><trkpt lat="52.225932" lon="-114.649926"><ele>989.7789053092104</ele><time>2026-09-05T21:12:02Z</time></trkpt><trkpt lat="52.225779" lon="-114.64969"><ele>990.3253116523342</ele><time>2026-09-05T21:12:09Z</time></trkpt><trkpt lat="52.225745" lon="-114.649606"><ele>991.299878905671</ele><time>2026-09-05T21:12:11Z</time></trkpt><trkpt lat="52.225727" lon="-114.649566"><ele>990.761086101949</ele><time>2026-09-05T21:12:12Z</time></trkpt><trkpt lat="52.225644" lon="-114.649374"><ele>990.5217943382463</ele><time>2026-09-05T21:12:17Z</time></trkpt><trkpt lat="52.225614" lon="-114.649274"><ele>990.7756713188916</ele><time>2026-09-05T21:12:19Z</time></trkpt><trkpt lat="52.225574" lon="-114.649207"><ele>990.7227964536306</ele><time>2026-09-05T21:12:21Z</time></trkpt><trkpt lat="52.225555" lon="-114.649186"><ele>990.6471280581372</ele><time>2026-09-05T21:12:22Z</time></trkpt><trkpt lat="52.225474" lon="-114.649068"><ele>990.6929823073186</ele><time>2026-09-05T21:12:26Z</time></trkpt><trkpt lat="52.225399" lon="-114.648896"><ele>991.9178420975497</ele><time>2026-09-05T21:12:31Z</time></trkpt><trkpt lat="52.225383" lon="-114.648866"><ele>992.1556307500095</ele><time>2026-09-05T21:12:32Z</time></trkpt><trkpt lat="52.22531" lon="-114.648804"><ele>991.9853400398652</ele><time>2026-09-05T21:12:35Z</time></trkpt><trkpt lat="52.225238" lon="-114.648778"><ele>991.3418355472385</ele><time>2026-09-05T21:12:39Z</time></trkpt><trkpt lat="52.22519" lon="-114.648778"><ele>991.6566795683898</ele><time>2026-09-05T21:12:41Z</time></trkpt><trkpt lat="52.225169" lon="-114.648792"><ele>991.8195265182804</ele><time>2026-09-05T21:12:42Z</time></trkpt><trkpt lat="52.225126" lon="-114.648865"><ele>992.3953355991332</ele><time>2026-09-05T21:12:45Z</time></trkpt><trkpt lat="52.225031" lon="-114.648912"><ele>993.4217586717541</ele><time>2026-09-05T21:12:49Z</time></trkpt><trkpt lat="52.224988" lon="-114.64896"><ele>993.5218828020998</ele><time>2026-09-05T21:12:51Z</time></trkpt><trkpt lat="52.224974" lon="-114.648964"><ele>993.446698924324</ele><time>2026-09-05T21:12:52Z</time></trkpt><trkpt lat="52.224978" lon="-114.648951"><ele>993.1234024568893</ele><time>2026-09-05T21:12:57Z</time></trkpt></trkseg></trk><trk><name>Cougar Bridge Trail</name><desc></desc><extensions><line xmlns="http://www.topografix.com/GPX/gpx_style/0/2"><color>5E7A8C</color></line></extensions><trkseg><trkpt lat="52.226256" lon="-114.64716"><ele>991.7622743823893</ele><time>2026-09-05T22:40:08Z</time></trkpt><trkpt lat="52.226256" lon="-114.647157"><ele>991.4178126583898</ele><time>2026-09-05T22:40:17Z</time></trkpt><trkpt lat="52.226256" lon="-114.647158"><ele>991.4252214641306</ele><time>2026-09-05T22:40:18Z</time></trkpt><trkpt lat="52.226256" lon="-114.647182"><ele>991.8953943029087</ele><time>2026-09-05T22:40:33Z</time></trkpt><trkpt lat="52.226175" lon="-114.647279"><ele>988.6767184485919</ele><time>2026-09-05T22:40:38Z</time></trkpt><trkpt lat="52.226109" lon="-114.647408"><ele>986.9712466697811</ele><time>2026-09-05T22:40:40Z</time></trkpt><trkpt lat="52.226083" lon="-114.647462"><ele>986.3625685800939</ele><time>2026-09-05T22:40:41Z</time></trkpt><trkpt lat="52.225881" lon="-114.647835"><ele>986.1059283455041</ele><time>2026-09-05T22:40:50Z</time></trkpt><trkpt lat="52.225863" lon="-114.647876"><ele>986.0513199628906</ele><time>2026-09-05T22:40:51Z</time></trkpt><trkpt lat="52.225776" lon="-114.648101"><ele>985.5613561550497</ele><time>2026-09-05T22:40:58Z</time></trkpt><trkpt lat="52.225776" lon="-114.648144"><ele>984.3318194313165</ele><time>2026-09-05T22:41:07Z</time></trkpt><trkpt lat="52.225758" lon="-114.648193"><ele>984.5889157334194</ele><time>2026-09-05T22:41:12Z</time></trkpt><trkpt lat="52.225748" lon="-114.648217"><ele>984.4020091269442</ele><time>2026-09-05T22:41:13Z</time></trkpt><trkpt lat="52.225705" lon="-114.648294"><ele>984.321698749511</ele><time>2026-09-05T22:41:15Z</time></trkpt><trkpt lat="52.225589" lon="-114.648392"><ele>984.6300691020235</ele><time>2026-09-05T22:41:19Z</time></trkpt><trkpt lat="52.225519" lon="-114.648481"><ele>984.5688587181487</ele><time>2026-09-05T22:41:22Z</time></trkpt><trkpt lat="52.2255" lon="-114.648516"><ele>984.3773546962985</ele><time>2026-09-05T22:41:23Z</time></trkpt><trkpt lat="52.225455" lon="-114.648646"><ele>984.9840912945795</ele><time>2026-09-05T22:41:26Z</time></trkpt><trkpt lat="52.225411" lon="-114.648706"><ele>984.7642365953113</ele><time>2026-09-05T22:41:28Z</time></trkpt><trkpt lat="52.225352" lon="-114.648713"><ele>985.645145826256</ele><time>2026-09-05T22:41:30Z</time></trkpt><trkpt lat="52.225282" lon="-114.648694"><ele>985.4024649039427</ele><time>2026-09-05T22:41:32Z</time></trkpt><trkpt lat="52.22525" lon="-114.648693"><ele>985.8129801215478</ele><time>2026-09-05T22:41:33Z</time></trkpt><trkpt lat="52.225198" lon="-114.648717"><ele>985.9694208825764</ele><time>2026-09-05T22:41:35Z</time></trkpt><trkpt lat="52.225099" lon="-114.648704"><ele>987.5489608961465</ele><time>2026-09-05T22:41:39Z</time></trkpt><trkpt lat="52.225059" lon="-114.648779"><ele>988.573341088223</ele><time>2026-09-05T22:41:42Z</time></trkpt><trkpt lat="52.225048" lon="-114.648809"><ele>988.7571591164211</ele><time>2026-09-05T22:41:43Z</time></trkpt><trkpt lat="52.224997" lon="-114.648949"><ele>988.9893029043769</ele><time>2026-09-05T22:41:47Z</time></trkpt><trkpt lat="52.224979" lon="-114.64896"><ele>990.4148851952654</ele><time>2026-09-05T22:41:52Z</time></trkpt></trkseg></trk><trk><name>Taylor Trail</name><desc></desc><extensions><line xmlns="http://www.topografix.com/GPX/gpx_style/0/2"><color>FF6200</color></line></extensions><trkseg><trkpt lat="52.225766" lon="-114.652304"><ele>1001.5876829475051</ele><time>2026-09-05T21:43:26Z</time></trkpt><trkpt lat="52.225765" lon="-114.652295"><ele>1001.7035496149583</ele><time>2026-09-05T21:43:28Z</time></trkpt><trkpt lat="52.225762" lon="-114.652326"><ele>1000.3675968422771</ele><time>2026-09-05T21:43:35Z</time></trkpt><trkpt lat="52.225757" lon="-114.652353"><ele>1000.4294213311316</ele><time>2026-09-05T21:43:36Z</time></trkpt><trkpt lat="52.225737" lon="-114.652481"><ele>1000.1077528693817</ele><time>2026-09-05T21:43:41Z</time></trkpt><trkpt lat="52.225682" lon="-114.652554"><ele>999.7909288974204</ele><time>2026-09-05T21:43:45Z</time></trkpt><trkpt lat="52.225669" lon="-114.652586"><ele>999.8566944492972</ele><time>2026-09-05T21:43:46Z</time></trkpt><trkpt lat="52.225642" lon="-114.652739"><ele>998.6171290627506</ele><time>2026-09-05T21:43:52Z</time></trkpt><trkpt lat="52.225627" lon="-114.652761"><ele>998.6196382793837</ele><time>2026-09-05T21:43:53Z</time></trkpt><trkpt lat="52.225595" lon="-114.652784"><ele>998.2156458488919</ele><time>2026-09-05T21:43:55Z</time></trkpt><trkpt lat="52.225577" lon="-114.652791"><ele>998.0439656593969</ele><time>2026-09-05T21:43:56Z</time></trkpt><trkpt lat="52.225478" lon="-114.652817"><ele>996.1548492982181</ele><time>2026-09-05T21:44:01Z</time></trkpt><trkpt lat="52.225415" lon="-114.652865"><ele>996.0859693766729</ele><time>2026-09-05T21:44:05Z</time></trkpt><trkpt lat="52.2254" lon="-114.652877"><ele>995.5445275330121</ele><time>2026-09-05T21:44:06Z</time></trkpt><trkpt lat="52.225348" lon="-114.652898"><ele>994.698790183334</ele><time>2026-09-05T21:44:09Z</time></trkpt><trkpt lat="52.22531" lon="-114.652941"><ele>994.4964549179539</ele><time>2026-09-05T21:44:12Z</time></trkpt><trkpt lat="52.22525" lon="-114.652953"><ele>994.4789704650989</ele><time>2026-09-05T21:44:15Z</time></trkpt><trkpt lat="52.225227" lon="-114.652978"><ele>994.4934988246193</ele><time>2026-09-05T21:44:16Z</time></trkpt><trkpt lat="52.225212" lon="-114.653014"><ele>994.5386835978883</ele><time>2026-09-05T21:44:17Z</time></trkpt><trkpt lat="52.225202" lon="-114.653103"><ele>994.6372316607312</ele><time>2026-09-05T21:44:19Z</time></trkpt><trkpt lat="52.22521" lon="-114.653257"><ele>995.172153974002</ele><time>2026-09-05T21:44:23Z</time></trkpt><trkpt lat="52.225232" lon="-114.653316"><ele>995.453427511623</ele><time>2026-09-05T21:44:25Z</time></trkpt><trkpt lat="52.22525" lon="-114.653329"><ele>995.2582868445293</ele><time>2026-09-05T21:44:26Z</time></trkpt><trkpt lat="52.225367" lon="-114.65336"><ele>996.6205496515053</ele><time>2026-09-05T21:44:31Z</time></trkpt><trkpt lat="52.225468" lon="-114.653422"><ele>997.0757198151384</ele><time>2026-09-05T21:44:35Z</time></trkpt><trkpt lat="52.225499" lon="-114.653444"><ele>997.3857707387276</ele><time>2026-09-05T21:44:36Z</time></trkpt><trkpt lat="52.225569" lon="-114.653499"><ele>997.5315478522866</ele><time>2026-09-05T21:44:38Z</time></trkpt><trkpt lat="52.225629" lon="-114.653565"><ele>997.111179097631</ele><time>2026-09-05T21:44:40Z</time></trkpt><trkpt lat="52.225676" lon="-114.653639"><ele>996.1637387192222</ele><time>2026-09-05T21:44:42Z</time></trkpt><trkpt lat="52.225725" lon="-114.653743"><ele>994.9720530420168</ele><time>2026-09-05T21:44:45Z</time></trkpt><trkpt lat="52.225739" lon="-114.65376"><ele>995.3704741860483</ele><time>2026-09-05T21:44:46Z</time></trkpt><trkpt lat="52.225791" lon="-114.653794"><ele>995.4447611942614</ele><time>2026-09-05T21:44:49Z</time></trkpt><trkpt lat="52.225833" lon="-114.653801"><ele>994.6572610621763</ele><time>2026-09-05T21:44:51Z</time></trkpt><trkpt lat="52.225869" lon="-114.65378"><ele>994.6059971643089</ele><time>2026-09-05T21:44:53Z</time></trkpt><trkpt lat="52.225896" lon="-114.653745"><ele>994.6032103605447</ele><time>2026-09-05T21:44:55Z</time></trkpt><trkpt lat="52.225911" lon="-114.653728"><ele>994.3475736557788</ele><time>2026-09-05T21:44:56Z</time></trkpt><trkpt lat="52.225903" lon="-114.653738"><ele>993.5446726054511</ele><time>2026-09-05T21:45:04Z</time></trkpt></trkseg></trk><trk><name>Field Highway Trail</name><desc></desc><extensions><line xmlns="http://www.topografix.com/GPX/gpx_style/0/2"><color>FFEF00</color></line></extensions><trkseg><trkpt lat="52.228537" lon="-114.651827"><ele>973.9180908203125</ele><time>2026-08-23T22:15:07Z</time></trkpt><trkpt lat="52.228559" lon="-114.651811"><ele>973.51904296875</ele><time>2026-08-23T22:15:09Z</time></trkpt><trkpt lat="52.228592" lon="-114.651702"><ele>973.95556640625</ele><time>2026-08-23T22:15:16Z</time></trkpt><trkpt lat="52.228597" lon="-114.651685"><ele>973.87158203125</ele><time>2026-08-23T22:15:17Z</time></trkpt><trkpt lat="52.22863" lon="-114.651525"><ele>974.688232421875</ele><time>2026-08-23T22:15:26Z</time></trkpt><trkpt lat="52.228626" lon="-114.651458"><ele>975.0673828125</ele><time>2026-08-23T22:15:30Z</time></trkpt><trkpt lat="52.228611" lon="-114.651405"><ele>975.41796875</ele><time>2026-08-23T22:15:33Z</time></trkpt><trkpt lat="52.228608" lon="-114.651388"><ele>975.5439453125</ele><time>2026-08-23T22:15:34Z</time></trkpt><trkpt lat="52.228578" lon="-114.651272"><ele>975.92724609375</ele><time>2026-08-23T22:15:41Z</time></trkpt><trkpt lat="52.228522" lon="-114.651147"><ele>976.050048828125</ele><time>2026-08-23T22:15:50Z</time></trkpt><trkpt lat="52.228516" lon="-114.651135"><ele>976.1708984375</ele><time>2026-08-23T22:15:51Z</time></trkpt><trkpt lat="52.228424" lon="-114.650988"><ele>974.9283447265625</ele><time>2026-08-23T22:16:07Z</time></trkpt><trkpt lat="52.22841" lon="-114.650947"><ele>974.8956298828125</ele><time>2026-08-23T22:16:10Z</time></trkpt><trkpt lat="52.228405" lon="-114.650933"><ele>974.90087890625</ele><time>2026-08-23T22:16:11Z</time></trkpt><trkpt lat="52.228308" lon="-114.650709"><ele>975.059326171875</ele><time>2026-08-23T22:16:27Z</time></trkpt><trkpt lat="52.228301" lon="-114.650696"><ele>975.257568359375</ele><time>2026-08-23T22:16:28Z</time></trkpt><trkpt lat="52.228194" lon="-114.650454"><ele>975.238525390625</ele><time>2026-08-23T22:16:44Z</time></trkpt><trkpt lat="52.228188" lon="-114.650438"><ele>975.175048828125</ele><time>2026-08-23T22:16:45Z</time></trkpt><trkpt lat="52.228077" lon="-114.650203"><ele>974.511474609375</ele><time>2026-08-23T22:17:01Z</time></trkpt><trkpt lat="52.22807" lon="-114.650187"><ele>974.3896484375</ele><time>2026-08-23T22:17:02Z</time></trkpt><trkpt lat="52.227972" lon="-114.649955"><ele>974.8154296875</ele><time>2026-08-23T22:17:18Z</time></trkpt><trkpt lat="52.227967" lon="-114.649943"><ele>974.988525390625</ele><time>2026-08-23T22:17:19Z</time></trkpt><trkpt lat="52.227858" lon="-114.649715"><ele>973.735107421875</ele><time>2026-08-23T22:17:35Z</time></trkpt><trkpt lat="52.227851" lon="-114.649697"><ele>973.767578125</ele><time>2026-08-23T22:17:36Z</time></trkpt><trkpt lat="52.227734" lon="-114.649429"><ele>974.571533203125</ele><time>2026-08-23T22:17:52Z</time></trkpt><trkpt lat="52.227727" lon="-114.649413"><ele>974.394287109375</ele><time>2026-08-23T22:17:53Z</time></trkpt><trkpt lat="52.227617" lon="-114.649182"><ele>974.5924072265625</ele><time>2026-08-23T22:18:08Z</time></trkpt><trkpt lat="52.22761" lon="-114.64917"><ele>973.8162841796875</ele><time>2026-08-23T22:18:09Z</time></trkpt><trkpt lat="52.227578" lon="-114.649126"><ele>972.653076171875</ele><time>2026-08-23T22:18:13Z</time></trkpt><trkpt lat="52.227563" lon="-114.649068"><ele>972.8427734375</ele><time>2026-08-23T22:18:16Z</time></trkpt><trkpt lat="52.227522" lon="-114.648988"><ele>973.462158203125</ele><time>2026-08-23T22:18:21Z</time></trkpt><trkpt lat="52.227513" lon="-114.648973"><ele>973.24462890625</ele><time>2026-08-23T22:18:22Z</time></trkpt><trkpt lat="52.22742" lon="-114.64876"><ele>973.0943603515625</ele><time>2026-08-23T22:18:35Z</time></trkpt><trkpt lat="52.227415" lon="-114.648743"><ele>973.0302734375</ele><time>2026-08-23T22:18:36Z</time></trkpt><trkpt lat="52.227317" lon="-114.648524"><ele>974.107177734375</ele><time>2026-08-23T22:18:50Z</time></trkpt><trkpt lat="52.22731" lon="-114.648507"><ele>974.07470703125</ele><time>2026-08-23T22:18:51Z</time></trkpt><trkpt lat="52.227213" lon="-114.648247"><ele>975.6317138671875</ele><time>2026-08-23T22:19:07Z</time></trkpt><trkpt lat="52.227207" lon="-114.648232"><ele>975.318115234375</ele><time>2026-08-23T22:19:08Z</time></trkpt><trkpt lat="52.227091" lon="-114.647982"><ele>975.898193359375</ele><time>2026-08-23T22:19:24Z</time></trkpt><trkpt lat="52.227086" lon="-114.647965"><ele>975.9659423828125</ele><time>2026-08-23T22:19:25Z</time></trkpt><trkpt lat="52.227031" lon="-114.647858"><ele>975.966796875</ele><time>2026-08-23T22:19:32Z</time></trkpt><trkpt lat="52.226972" lon="-114.647705"><ele>976.231201171875</ele><time>2026-08-23T22:19:41Z</time></trkpt><trkpt lat="52.226965" lon="-114.647688"><ele>976.048095703125</ele><time>2026-08-23T22:19:42Z</time></trkpt><trkpt lat="52.22686" lon="-114.647427"><ele>975.48095703125</ele><time>2026-08-23T22:19:58Z</time></trkpt><trkpt lat="52.226854" lon="-114.647411"><ele>975.210693359375</ele><time>2026-08-23T22:19:59Z</time></trkpt><trkpt lat="52.226735" lon="-114.647174"><ele>974.9898681640625</ele><time>2026-08-23T22:20:14Z</time></trkpt><trkpt lat="52.226726" lon="-114.647156"><ele>975.0908203125</ele><time>2026-08-23T22:20:15Z</time></trkpt><trkpt lat="52.226599" lon="-114.646926"><ele>976.19189453125</ele><time>2026-08-23T22:20:31Z</time></trkpt><trkpt lat="52.226594" lon="-114.646921"><ele>976.3873291015625</ele><time>2026-08-23T22:20:32Z</time></trkpt><trkpt lat="52.2265" lon="-114.6468"><ele>975.7083740234375</ele><time>2026-08-23T22:20:45Z</time></trkpt><trkpt lat="52.226481" lon="-114.646803"><ele>975.691650390625</ele><time>2026-08-23T22:20:47Z</time></trkpt><trkpt lat="52.226447" lon="-114.646777"><ele>975.946533203125</ele><time>2026-08-23T22:20:50Z</time></trkpt><trkpt lat="52.226436" lon="-114.646765"><ele>975.629150390625</ele><time>2026-08-23T22:20:51Z</time></trkpt><trkpt lat="52.226289" lon="-114.646685"><ele>975.445556640625</ele><time>2026-08-23T22:21:01Z</time></trkpt><trkpt lat="52.226272" lon="-114.646676"><ele>975.615478515625</ele><time>2026-08-23T22:21:02Z</time></trkpt><trkpt lat="52.226186" lon="-114.646623"><ele>975.88330078125</ele><time>2026-08-23T22:21:07Z</time></trkpt><trkpt lat="52.226148" lon="-114.646577"><ele>976.1419677734375</ele><time>2026-08-23T22:21:10Z</time></trkpt></trkseg></trk><trk><name>Zoey Trail</name><desc></desc><extensions><line xmlns="http://www.topografix.com/GPX/gpx_style/0/2"><color>00A478</color></line></extensions><trkseg><trkpt lat="52.225105" lon="-114.649408"><ele>993.6377984132832</ele><time>2026-09-05T21:30:59Z</time></trkpt><trkpt lat="52.225106" lon="-114.649411"><ele>992.8443736917301</ele><time>2026-09-05T21:31:08Z</time></trkpt><trkpt lat="52.225119" lon="-114.649405"><ele>992.6451730128533</ele><time>2026-09-05T21:31:09Z</time></trkpt><trkpt lat="52.225177" lon="-114.649382"><ele>992.454876891667</ele><time>2026-09-05T21:31:12Z</time></trkpt><trkpt lat="52.225199" lon="-114.649387"><ele>992.4944042637987</ele><time>2026-09-05T21:31:13Z</time></trkpt><trkpt lat="52.225227" lon="-114.649471"><ele>994.5407001031548</ele><time>2026-09-05T21:31:30Z</time></trkpt><trkpt lat="52.225275" lon="-114.649539"><ele>994.8979057787681</ele><time>2026-09-05T21:31:32Z</time></trkpt><trkpt lat="52.225302" lon="-114.649571"><ele>995.229646678949</ele><time>2026-09-05T21:31:33Z</time></trkpt><trkpt lat="52.225382" lon="-114.649678"><ele>995.1605171215772</ele><time>2026-09-05T21:31:36Z</time></trkpt><trkpt lat="52.225456" lon="-114.64972"><ele>995.6622313674319</ele><time>2026-09-05T21:31:39Z</time></trkpt><trkpt lat="52.225476" lon="-114.649815"><ele>997.0415585158333</ele><time>2026-09-05T21:31:42Z</time></trkpt><trkpt lat="52.225484" lon="-114.649833"><ele>997.6088275931459</ele><time>2026-09-05T21:31:43Z</time></trkpt><trkpt lat="52.225522" lon="-114.649874"><ele>997.4384461102454</ele><time>2026-09-05T21:31:46Z</time></trkpt><trkpt lat="52.225553" lon="-114.649937"><ele>996.7555500464806</ele><time>2026-09-05T21:31:49Z</time></trkpt><trkpt lat="52.225596" lon="-114.649955"><ele>995.4782248854319</ele><time>2026-09-05T21:31:52Z</time></trkpt><trkpt lat="52.225609" lon="-114.649964"><ele>995.8771308637849</ele><time>2026-09-05T21:31:53Z</time></trkpt><trkpt lat="52.225686" lon="-114.6501"><ele>998.0632982988635</ele><time>2026-09-05T21:31:58Z</time></trkpt><trkpt lat="52.225757" lon="-114.650162"><ele>997.8789211628382</ele><time>2026-09-05T21:32:02Z</time></trkpt><trkpt lat="52.22577" lon="-114.650184"><ele>997.38358726145</ele><time>2026-09-05T21:32:03Z</time></trkpt><trkpt lat="52.225805" lon="-114.650354"><ele>995.3591707314843</ele><time>2026-09-05T21:32:08Z</time></trkpt><trkpt lat="52.225835" lon="-114.650417"><ele>994.0299436252744</ele><time>2026-09-05T21:32:10Z</time></trkpt><trkpt lat="52.225871" lon="-114.650462"><ele>994.3182114891456</ele><time>2026-09-05T21:32:12Z</time></trkpt><trkpt lat="52.225885" lon="-114.65048"><ele>993.5299575300771</ele><time>2026-09-05T21:32:13Z</time></trkpt><trkpt lat="52.225951" lon="-114.650696"><ele>997.422600370981</ele><time>2026-09-05T21:32:23Z</time></trkpt><trkpt lat="52.22596" lon="-114.650704"><ele>998.1198337560929</ele><time>2026-09-05T21:32:24Z</time></trkpt><trkpt lat="52.226078" lon="-114.650908"><ele>998.1101657013901</ele><time>2026-09-05T21:32:33Z</time></trkpt><trkpt lat="52.226098" lon="-114.650938"><ele>997.8599390577723</ele><time>2026-09-05T21:32:34Z</time></trkpt><trkpt lat="52.22615" lon="-114.651115"><ele>998.2610888780192</ele><time>2026-09-05T21:32:38Z</time></trkpt><trkpt lat="52.226174" lon="-114.651349"><ele>998.5378573383578</ele><time>2026-09-05T21:32:43Z</time></trkpt><trkpt lat="52.22618" lon="-114.6514"><ele>997.9629697999626</ele><time>2026-09-05T21:32:44Z</time></trkpt><trkpt lat="52.226204" lon="-114.651611"><ele>999.2831485800363</ele><time>2026-09-05T21:32:48Z</time></trkpt><trkpt lat="52.226205" lon="-114.651874"><ele>999.8832212048181</ele><time>2026-09-05T21:32:53Z</time></trkpt><trkpt lat="52.226198" lon="-114.651916"><ele>999.6496201518804</ele><time>2026-09-05T21:32:54Z</time></trkpt><trkpt lat="52.226185" lon="-114.651942"><ele>999.5376694400269</ele><time>2026-09-05T21:32:55Z</time></trkpt><trkpt lat="52.226169" lon="-114.651942"><ele>996.7689462970823</ele><time>2026-09-05T21:33:33Z</time></trkpt></trkseg></trk></gpx>